{
"meta":{"test_sets":[],"test_metrics":[],"learn_metrics":[{"best_value":"Min","name":"Logloss"}],"launch_mode":"Train","parameters":"","iteration_count":1000,"learn_sets":["learn"],"name":"experiment"},
"iterations":[
{"learn":[0.6929068177],"iteration":0,"passed_time":0.008731709944,"remaining_time":8.722978234},
{"learn":[0.6927060519],"iteration":1,"passed_time":0.01688124089,"remaining_time":8.423739204},
{"learn":[0.6924029265],"iteration":2,"passed_time":0.02395306506,"remaining_time":7.960401956},
{"learn":[0.6921893114],"iteration":3,"passed_time":0.03062907054,"remaining_time":7.626638564},
{"learn":[0.6919713425],"iteration":4,"passed_time":0.03693624069,"remaining_time":7.350311896},
{"learn":[0.6917800741],"iteration":5,"passed_time":0.04399171901,"remaining_time":7.28796145},
{"learn":[0.6916117942],"iteration":6,"passed_time":0.05045344545,"remaining_time":7.157181619},
{"learn":[0.6913831363],"iteration":7,"passed_time":0.05702631445,"remaining_time":7.071262992},
{"learn":[0.6912298113],"iteration":8,"passed_time":0.06390179296,"remaining_time":7.036297425},
{"learn":[0.6910139774],"iteration":9,"passed_time":0.07064649627,"remaining_time":6.99400313},
{"learn":[0.6908508283],"iteration":10,"passed_time":0.07838629021,"remaining_time":7.047640092},
{"learn":[0.6907065357],"iteration":11,"passed_time":0.08592654262,"remaining_time":7.074618676},
{"learn":[0.6905668665],"iteration":12,"passed_time":0.09248592154,"remaining_time":7.021815735},
{"learn":[0.6904008628],"iteration":13,"passed_time":0.0990895378,"remaining_time":6.97873459},
{"learn":[0.6903562182],"iteration":14,"passed_time":0.1052030382,"remaining_time":6.90833284},
{"learn":[0.6901588086],"iteration":15,"passed_time":0.1114651786,"remaining_time":6.855108485},
{"learn":[0.6899397814],"iteration":16,"passed_time":0.1178687013,"remaining_time":6.815584319},
{"learn":[0.6898315056],"iteration":17,"passed_time":0.1245269774,"remaining_time":6.793638431},
{"learn":[0.6896338648],"iteration":18,"passed_time":0.1308758443,"remaining_time":6.757326489},
{"learn":[0.6895253743],"iteration":19,"passed_time":0.1371699723,"remaining_time":6.721328641},
{"learn":[0.6893774702],"iteration":20,"passed_time":0.143596517,"remaining_time":6.694332863},
{"learn":[0.6892277312],"iteration":21,"passed_time":0.1500094847,"remaining_time":6.668603455},
{"learn":[0.6890617099],"iteration":22,"passed_time":0.1563700255,"remaining_time":6.642326735},
{"learn":[0.6889641864],"iteration":23,"passed_time":0.1629086557,"remaining_time":6.624952},
{"learn":[0.6888999457],"iteration":24,"passed_time":0.1696064798,"remaining_time":6.614652714},
{"learn":[0.6887977082],"iteration":25,"passed_time":0.1757334018,"remaining_time":6.583243591},
{"learn":[0.6886714239],"iteration":26,"passed_time":0.1822356426,"remaining_time":6.5672326},
{"learn":[0.6885595187],"iteration":27,"passed_time":0.1884767051,"remaining_time":6.54283419},
{"learn":[0.6884507272],"iteration":28,"passed_time":0.194750593,"remaining_time":6.520787098},
{"learn":[0.6883763014],"iteration":29,"passed_time":0.2013087434,"remaining_time":6.508982702},
{"learn":[0.6881963534],"iteration":30,"passed_time":0.2076308413,"remaining_time":6.490138233},
{"learn":[0.6881005474],"iteration":31,"passed_time":0.2141723521,"remaining_time":6.478713652},
{"learn":[0.6879884332],"iteration":32,"passed_time":0.2219517475,"remaining_time":6.503858782},
{"learn":[0.6879376675],"iteration":33,"passed_time":0.228690883,"remaining_time":6.497511559},
{"learn":[0.687839425],"iteration":34,"passed_time":0.2341153597,"remaining_time":6.454894919},
{"learn":[0.6877460492],"iteration":35,"passed_time":0.2400497059,"remaining_time":6.427997681},
{"learn":[0.6876350781],"iteration":36,"passed_time":0.2463890995,"remaining_time":6.412775752},
{"learn":[0.6875713842],"iteration":37,"passed_time":0.2531400095,"remaining_time":6.408439187},
{"learn":[0.6874163335],"iteration":38,"passed_time":0.2597851014,"remaining_time":6.401371346},
{"learn":[0.687315882],"iteration":39,"passed_time":0.2667400299,"remaining_time":6.401760717},
{"learn":[0.6872253699],"iteration":40,"passed_time":0.2733979966,"remaining_time":6.394845823},
{"learn":[0.6870207519],"iteration":41,"passed_time":0.280760436,"remaining_time":6.40401185},
{"learn":[0.6869322265],"iteration":42,"passed_time":0.2875465357,"remaining_time":6.399582201},
{"learn":[0.6868382869],"iteration":43,"passed_time":0.2944882929,"remaining_time":6.398427455},
{"learn":[0.6868039836],"iteration":44,"passed_time":0.3012944615,"remaining_time":6.394138016},
{"learn":[0.6867101814],"iteration":45,"passed_time":0.3079770402,"remaining_time":6.387176007},
{"learn":[0.6865824134],"iteration":46,"passed_time":0.3145166182,"remaining_time":6.377326322},
{"learn":[0.6864391085],"iteration":47,"passed_time":0.3214295137,"remaining_time":6.375018688},
{"learn":[0.6863964255],"iteration":48,"passed_time":0.3270128129,"remaining_time":6.346718063},
{"learn":[0.6863787236],"iteration":49,"passed_time":0.332696243,"remaining_time":6.321228617},
{"learn":[0.6863368369],"iteration":50,"passed_time":0.3388571818,"remaining_time":6.305401285},
{"learn":[0.6862447106],"iteration":51,"passed_time":0.3447054324,"remaining_time":6.284245191},
{"learn":[0.6862099843],"iteration":52,"passed_time":0.3502775277,"remaining_time":6.258732428},
{"learn":[0.6861515229],"iteration":53,"passed_time":0.3561807697,"remaining_time":6.23975941},
{"learn":[0.6860009198],"iteration":54,"passed_time":0.3622290489,"remaining_time":6.223753658},
{"learn":[0.6859544319],"iteration":55,"passed_time":0.3689483071,"remaining_time":6.219414319},
{"learn":[0.6858284027],"iteration":56,"passed_time":0.3762992209,"remaining_time":6.225441496},
{"learn":[0.6857034288],"iteration":57,"passed_time":0.3824360465,"remaining_time":6.211288893},
{"learn":[0.6856586943],"iteration":58,"passed_time":0.3880005851,"remaining_time":6.188280519},
{"learn":[0.6855570176],"iteration":59,"passed_time":0.3941637411,"remaining_time":6.175231945},
{"learn":[0.6854370639],"iteration":60,"passed_time":0.4003805262,"remaining_time":6.163234658},
{"learn":[0.685245973],"iteration":61,"passed_time":0.4061707297,"remaining_time":6.144970072},
{"learn":[0.6852070737],"iteration":62,"passed_time":0.4117105479,"remaining_time":6.123377514},
{"learn":[0.6850839514],"iteration":63,"passed_time":0.4178502825,"remaining_time":6.111060382},
{"learn":[0.6849879195],"iteration":64,"passed_time":0.4237826947,"remaining_time":6.09595107},
{"learn":[0.6849105481],"iteration":65,"passed_time":0.4297451387,"remaining_time":6.081544842},
{"learn":[0.6847766455],"iteration":66,"passed_time":0.4356402128,"remaining_time":6.066452516},
{"learn":[0.6847203119],"iteration":67,"passed_time":0.4416026412,"remaining_time":6.052553847},
{"learn":[0.6846624734],"iteration":68,"passed_time":0.4476766391,"remaining_time":6.040390595},
{"learn":[0.6845971763],"iteration":69,"passed_time":0.4532656319,"remaining_time":6.02195768},
{"learn":[0.6844991084],"iteration":70,"passed_time":0.4582984155,"remaining_time":5.996608845},
{"learn":[0.6844688411],"iteration":71,"passed_time":0.4644121306,"remaining_time":5.98575635},
{"learn":[0.6843887332],"iteration":72,"passed_time":0.4703076846,"remaining_time":5.972263337},
{"learn":[0.684251885],"iteration":73,"passed_time":0.4764739676,"remaining_time":5.962363432},
{"learn":[0.684097601],"iteration":74,"passed_time":0.4822313812,"remaining_time":5.947520368},
{"learn":[0.68404259],"iteration":75,"passed_time":0.4881204101,"remaining_time":5.934516565},
{"learn":[0.683938014],"iteration":76,"passed_time":0.4936297142,"remaining_time":5.917145794},
{"learn":[0.6838815952],"iteration":77,"passed_time":0.4996979048,"remaining_time":5.90668549},
{"learn":[0.6837841061],"iteration":78,"passed_time":0.5060277665,"remaining_time":5.899386999},
{"learn":[0.6836645099],"iteration":79,"passed_time":0.5127979746,"remaining_time":5.897176708},
{"learn":[0.6835944892],"iteration":80,"passed_time":0.519635156,"remaining_time":5.895613684},
{"learn":[0.6834496093],"iteration":81,"passed_time":0.5260653028,"remaining_time":5.889365219},
{"learn":[0.6833235517],"iteration":82,"passed_time":0.5319558835,"remaining_time":5.877151147},
{"learn":[0.683198329],"iteration":83,"passed_time":0.537877381,"remaining_time":5.865424774},
{"learn":[0.6831156469],"iteration":84,"passed_time":0.5439624819,"remaining_time":5.855596129},
{"learn":[0.6830163965],"iteration":85,"passed_time":0.5502077237,"remaining_time":5.847556506},
{"learn":[0.6828416087],"iteration":86,"passed_time":0.5561537337,"remaining_time":5.836417919},
{"learn":[0.6827357737],"iteration":87,"passed_time":0.5617015508,"remaining_time":5.821270617},
{"learn":[0.6826694864],"iteration":88,"passed_time":0.5683394651,"remaining_time":5.817497221},
{"learn":[0.6825613449],"iteration":89,"passed_time":0.5746781376,"remaining_time":5.810634503},
{"learn":[0.6824772437],"iteration":90,"passed_time":0.5808214667,"remaining_time":5.801832014},
{"learn":[0.6824441135],"iteration":91,"passed_time":0.5869330299,"remaining_time":5.792773817},
{"learn":[0.6823399363],"iteration":92,"passed_time":0.5926817949,"remaining_time":5.780240731},
{"learn":[0.6823139469],"iteration":93,"passed_time":0.5987411459,"remaining_time":5.770845512},
{"learn":[0.6822419098],"iteration":94,"passed_time":0.6045727398,"remaining_time":5.759350837},
{"learn":[0.6821893675],"iteration":95,"passed_time":0.6103233415,"remaining_time":5.747211466},
{"learn":[0.6820511037],"iteration":96,"passed_time":0.6159509165,"remaining_time":5.734058532},
{"learn":[0.6818416848],"iteration":97,"passed_time":0.6220894698,"remaining_time":5.725762263},
{"learn":[0.6817461946],"iteration":98,"passed_time":0.6284607751,"remaining_time":5.719627863},
{"learn":[0.6816448588],"iteration":99,"passed_time":0.6347728144,"remaining_time":5.71295533},
{"learn":[0.6815695318],"iteration":100,"passed_time":0.6405403432,"remaining_time":5.701443253},
{"learn":[0.6814934263],"iteration":101,"passed_time":0.646491516,"remaining_time":5.691660601},
{"learn":[0.6813897293],"iteration":102,"passed_time":0.6522567634,"remaining_time":5.680333173},
{"learn":[0.6813516036],"iteration":103,"passed_time":0.6593236444,"remaining_time":5.680326783},
{"learn":[0.6812364555],"iteration":104,"passed_time":0.666518871,"remaining_time":5.681279901},
{"learn":[0.6811752068],"iteration":105,"passed_time":0.6724964315,"remaining_time":5.671809526},
{"learn":[0.6811505643],"iteration":106,"passed_time":0.6782573634,"remaining_time":5.660596501},
{"learn":[0.6810713175],"iteration":107,"passed_time":0.6839997972,"remaining_time":5.649331659},
{"learn":[0.6810317539],"iteration":108,"passed_time":0.6899305482,"remaining_time":5.639707509},
{"learn":[0.6808956084],"iteration":109,"passed_time":0.6958738402,"remaining_time":5.63025198},
{"learn":[0.6808826359],"iteration":110,"passed_time":0.7016035763,"remaining_time":5.619149363},
{"learn":[0.6807725696],"iteration":111,"passed_time":0.708050921,"remaining_time":5.613832302},
{"learn":[0.6806516541],"iteration":112,"passed_time":0.7142296978,"remaining_time":5.606387097},
{"learn":[0.6805758202],"iteration":113,"passed_time":0.7201815624,"remaining_time":5.597200564},
{"learn":[0.6805067736],"iteration":114,"passed_time":0.7264757556,"remaining_time":5.590704728},
{"learn":[0.6803925646],"iteration":115,"passed_time":0.7328713227,"remaining_time":5.584984907},
{"learn":[0.68027613],"iteration":116,"passed_time":0.7384917717,"remaining_time":5.573403713},
{"learn":[0.6802277606],"iteration":117,"passed_time":0.7447649671,"remaining_time":5.566802551},
{"learn":[0.6801244839],"iteration":118,"passed_time":0.7507012954,"remaining_time":5.557712951},
{"learn":[0.6800829813],"iteration":119,"passed_time":0.7563880744,"remaining_time":5.546845879},
{"learn":[0.6800195161],"iteration":120,"passed_time":0.762091186,"remaining_time":5.536183078},
{"learn":[0.6799795281],"iteration":121,"passed_time":0.7682910051,"remaining_time":5.52917625},
{"learn":[0.6799139378],"iteration":122,"passed_time":0.774494395,"remaining_time":5.522208004},
{"learn":[0.6798604544],"iteration":123,"passed_time":0.7801897522,"remaining_time":5.511663088},
{"learn":[0.679760393],"iteration":124,"passed_time":0.7866032603,"remaining_time":5.506222822},
{"learn":[0.6797239526],"iteration":125,"passed_time":0.7926070862,"remaining_time":5.497925344},
{"learn":[0.6796634811],"iteration":126,"passed_time":0.8000398654,"remaining_time":5.499486634},
{"learn":[0.6796196907],"iteration":127,"passed_time":0.8081873093,"remaining_time":5.505776045},
{"learn":[0.679526463],"iteration":128,"passed_time":0.8138023284,"remaining_time":5.494742853},
{"learn":[0.6794039206],"iteration":129,"passed_time":0.819881397,"remaining_time":5.48689858},
{"learn":[0.6793175344],"iteration":130,"passed_time":0.8260508806,"remaining_time":5.479681033},
{"learn":[0.6792813907],"iteration":131,"passed_time":0.8319457917,"remaining_time":5.470673842},
{"learn":[0.6792492008],"iteration":132,"passed_time":0.8382009151,"remaining_time":5.464061604},
{"learn":[0.6791697862],"iteration":133,"passed_time":0.8444634333,"remaining_time":5.457502487},
{"learn":[0.6790679897],"iteration":134,"passed_time":0.8502693353,"remaining_time":5.448022037},
{"learn":[0.678985135],"iteration":135,"passed_time":0.8560537828,"remaining_time":5.438459326},
{"learn":[0.6789403517],"iteration":136,"passed_time":0.8614359854,"remaining_time":5.426417923},
{"learn":[0.6787915238],"iteration":137,"passed_time":0.8674857576,"remaining_time":5.418642921},
{"learn":[0.6787195478],"iteration":138,"passed_time":0.8740337039,"remaining_time":5.413978554},
{"learn":[0.6786541307],"iteration":139,"passed_time":0.8801816273,"remaining_time":5.406829996},
{"learn":[0.678611891],"iteration":140,"passed_time":0.8862526525,"remaining_time":5.399227152},
{"learn":[0.6785948787],"iteration":141,"passed_time":0.8921522203,"remaining_time":5.390609895},
{"learn":[0.6785244504],"iteration":142,"passed_time":0.8980266495,"remaining_time":5.38187999},
{"learn":[0.6784720768],"iteration":143,"passed_time":0.9040719928,"remaining_time":5.374205735},
{"learn":[0.6783926134],"iteration":144,"passed_time":0.9096605602,"remaining_time":5.363860544},
{"learn":[0.6783461326],"iteration":145,"passed_time":0.9154902164,"remaining_time":5.354990718},
{"learn":[0.6782815423],"iteration":146,"passed_time":0.9223228953,"remaining_time":5.351982515},
{"learn":[0.6782506658],"iteration":147,"passed_time":0.9294151348,"remaining_time":5.350416857},
{"learn":[0.6781605881],"iteration":148,"passed_time":0.9362405363,"remaining_time":5.347252996},
{"learn":[0.6781162933],"iteration":149,"passed_time":0.9423321111,"remaining_time":5.339881963},
{"learn":[0.678041311],"iteration":150,"passed_time":0.9486412485,"remaining_time":5.333751126},
{"learn":[0.6779835439],"iteration":151,"passed_time":0.9560979778,"remaining_time":5.334020297},
{"learn":[0.6779505475],"iteration":152,"passed_time":0.9626726463,"remaining_time":5.329305434},
{"learn":[0.6778928551],"iteration":153,"passed_time":0.9687315017,"remaining_time":5.321732795},
{"learn":[0.6778223433],"iteration":154,"passed_time":0.974708972,"remaining_time":5.313736009},
{"learn":[0.6777383888],"iteration":155,"passed_time":0.9807912601,"remaining_time":5.306332202},
{"learn":[0.6776338913],"iteration":156,"passed_time":0.9872380239,"remaining_time":5.300902256},
{"learn":[0.6775259735],"iteration":157,"passed_time":0.9944546337,"remaining_time":5.299562035},
{"learn":[0.6774629749],"iteration":158,"passed_time":1.00186375,"remaining_time":5.299166126},
{"learn":[0.6773919224],"iteration":159,"passed_time":1.008461641,"remaining_time":5.294423614},
{"learn":[0.6773258451],"iteration":160,"passed_time":1.015064115,"remaining_time":5.289681942},
{"learn":[0.6772801461],"iteration":161,"passed_time":1.021510098,"remaining_time":5.284107793},
{"learn":[0.6772087269],"iteration":162,"passed_time":1.028016575,"remaining_time":5.27883358},
{"learn":[0.6771384578],"iteration":163,"passed_time":1.034495077,"remaining_time":5.273401734},
{"learn":[0.6770969063],"iteration":164,"passed_time":1.040283451,"remaining_time":5.264464739},
{"learn":[0.6770442892],"iteration":165,"passed_time":1.045633418,"remaining_time":5.253363075},
{"learn":[0.6769822405],"iteration":166,"passed_time":1.051487763,"remaining_time":5.244846147},
{"learn":[0.6769522342],"iteration":167,"passed_time":1.057713868,"remaining_time":5.238202011},
{"learn":[0.6768255891],"iteration":168,"passed_time":1.063593405,"remaining_time":5.229858698},
{"learn":[0.6767738088],"iteration":169,"passed_time":1.069705958,"remaining_time":5.222682032},
{"learn":[0.6767188899],"iteration":170,"passed_time":1.075974506,"remaining_time":5.216274066},
{"learn":[0.6766660923],"iteration":171,"passed_time":1.081860953,"remaining_time":5.20802831},
{"learn":[0.6765635756],"iteration":172,"passed_time":1.09170234,"remaining_time":5.218715812},
{"learn":[0.6765310179],"iteration":173,"passed_time":1.099630501,"remaining_time":5.220085024},
{"learn":[0.6764519465],"iteration":174,"passed_time":1.106039512,"remaining_time":5.21418627},
{"learn":[0.6763704595],"iteration":175,"passed_time":1.112130616,"remaining_time":5.206793338},
{"learn":[0.6762610945],"iteration":176,"passed_time":1.117958319,"remaining_time":5.198190377},
{"learn":[0.6762064543],"iteration":177,"passed_time":1.123836675,"remaining_time":5.189852508},
{"learn":[0.6761527786],"iteration":178,"passed_time":1.129890042,"remaining_time":5.18234483},
{"learn":[0.6760359957],"iteration":179,"passed_time":1.135540696,"remaining_time":5.173018726},
{"learn":[0.6759558154],"iteration":180,"passed_time":1.142100333,"remaining_time":5.167846257},
{"learn":[0.6758790219],"iteration":181,"passed_time":1.147714084,"remaining_time":5.158407257},
{"learn":[0.6758039485],"iteration":182,"passed_time":1.153613525,"remaining_time":5.150285517},
{"learn":[0.6757084983],"iteration":183,"passed_time":1.159872321,"remaining_time":5.143781599},
{"learn":[0.6756701615],"iteration":184,"passed_time":1.165771544,"remaining_time":5.135696263},
{"learn":[0.6756071081],"iteration":185,"passed_time":1.17161103,"remaining_time":5.127373004},
{"learn":[0.6755175109],"iteration":186,"passed_time":1.177684887,"remaining_time":5.120095256},
{"learn":[0.6754066697],"iteration":187,"passed_time":1.183652962,"remaining_time":5.11237343},
{"learn":[0.6753202309],"iteration":188,"passed_time":1.189381905,"remaining_time":5.103644049},
{"learn":[0.6752668862],"iteration":189,"passed_time":1.19500512,"remaining_time":5.094495511},
{"learn":[0.6751680637],"iteration":190,"passed_time":1.201545797,"remaining_time":5.089269893},
{"learn":[0.6751030709],"iteration":191,"passed_time":1.207837575,"remaining_time":5.082983129},
{"learn":[0.67502298],"iteration":192,"passed_time":1.214034926,"remaining_time":5.076301478},
{"learn":[0.6749663015],"iteration":193,"passed_time":1.220084616,"remaining_time":5.069011343},
{"learn":[0.6749045105],"iteration":194,"passed_time":1.225824773,"remaining_time":5.060456114},
{"learn":[0.6748372874],"iteration":195,"passed_time":1.232091047,"remaining_time":5.054087764},
{"learn":[0.6747141664],"iteration":196,"passed_time":1.238433454,"remaining_time":5.04803078},
{"learn":[0.6746194444],"iteration":197,"passed_time":1.246350387,"remaining_time":5.048348536},
{"learn":[0.6745148798],"iteration":198,"passed_time":1.25252411,"remaining_time":5.041566897},
{"learn":[0.674494809],"iteration":199,"passed_time":1.258573117,"remaining_time":5.034292469},
{"learn":[0.6744125383],"iteration":200,"passed_time":1.264096658,"remaining_time":5.024941443},
{"learn":[0.6743799704],"iteration":201,"passed_time":1.269928127,"remaining_time":5.01684478},
{"learn":[0.6742786139],"iteration":202,"passed_time":1.275904333,"remaining_time":5.009338686},
{"learn":[0.6741640482],"iteration":203,"passed_time":1.281995359,"remaining_time":5.002295616},
{"learn":[0.6740552578],"iteration":204,"passed_time":1.288387854,"remaining_time":4.996430944},
{"learn":[0.6739935321],"iteration":205,"passed_time":1.295076903,"remaining_time":4.991704181},
{"learn":[0.6739372152],"iteration":206,"passed_time":1.301545873,"remaining_time":4.986115348},
{"learn":[0.6738087524],"iteration":207,"passed_time":1.307622304,"remaining_time":4.979023389},
{"learn":[0.6737784421],"iteration":208,"passed_time":1.313527741,"remaining_time":4.971293985},
{"learn":[0.6736612978],"iteration":209,"passed_time":1.319303593,"remaining_time":4.963094469},
{"learn":[0.6735677008],"iteration":210,"passed_time":1.324715298,"remaining_time":4.953556258},
{"learn":[0.6735299559],"iteration":211,"passed_time":1.330833813,"remaining_time":4.946684171},
{"learn":[0.6734909078],"iteration":212,"passed_time":1.336874019,"remaining_time":4.939529825},
{"learn":[0.6733483352],"iteration":213,"passed_time":1.342803026,"remaining_time":4.931977468},
{"learn":[0.6732725928],"iteration":214,"passed_time":1.348461541,"remaining_time":4.923452601},
{"learn":[0.6731899915],"iteration":215,"passed_time":1.354284913,"remaining_time":4.915552648},
{"learn":[0.6731309274],"iteration":216,"passed_time":1.360063167,"remaining_time":4.907509032},
{"learn":[0.6730647971],"iteration":217,"passed_time":1.365618952,"remaining_time":4.898688167},
{"learn":[0.6730527203],"iteration":218,"passed_time":1.371584684,"remaining_time":4.891359077},
{"learn":[0.6729611863],"iteration":219,"passed_time":1.379063412,"remaining_time":4.889406642},
{"learn":[0.6728776966],"iteration":220,"passed_time":1.387995213,"remaining_time":4.892526112},
{"learn":[0.672842776],"iteration":221,"passed_time":1.394408112,"remaining_time":4.886709508},
{"learn":[0.6727622392],"iteration":222,"passed_time":1.40117562,"remaining_time":4.882123125},
{"learn":[0.6726578142],"iteration":223,"passed_time":1.407944231,"remaining_time":4.877521087},
{"learn":[0.6726114648],"iteration":224,"passed_time":1.413906079,"remaining_time":4.870120938},
{"learn":[0.6725353307],"iteration":225,"passed_time":1.420135412,"remaining_time":4.863649596},
{"learn":[0.672466101],"iteration":226,"passed_time":1.426786214,"remaining_time":4.858615611},
{"learn":[0.6723843864],"iteration":227,"passed_time":1.433232859,"remaining_time":4.852876173},
{"learn":[0.6723313218],"iteration":228,"passed_time":1.440151327,"remaining_time":4.848719098},
{"learn":[0.6722615335],"iteration":229,"passed_time":1.44656937,"remaining_time":4.842862672},
{"learn":[0.6721436864],"iteration":230,"passed_time":1.453246465,"remaining_time":4.837863775},
{"learn":[0.6721123428],"iteration":231,"passed_time":1.459334348,"remaining_time":4.830899912},
{"learn":[0.6720671864],"iteration":232,"passed_time":1.465363814,"remaining_time":4.823751267},
{"learn":[0.6719732679],"iteration":233,"passed_time":1.471898129,"remaining_time":4.818264817},
{"learn":[0.6719137431],"iteration":234,"passed_time":1.477871041,"remaining_time":4.810941901},
{"learn":[0.6718691244],"iteration":235,"passed_time":1.483829273,"remaining_time":4.803582899},
{"learn":[0.6717769289],"iteration":236,"passed_time":1.489751444,"remaining_time":4.796119628},
{"learn":[0.6717225259],"iteration":237,"passed_time":1.49621217,"remaining_time":4.790393585},
{"learn":[0.6716787629],"iteration":238,"passed_time":1.502585956,"remaining_time":4.784384571},
{"learn":[0.671623378],"iteration":239,"passed_time":1.508456069,"remaining_time":4.776777553},
{"learn":[0.6715137542],"iteration":240,"passed_time":1.515110561,"remaining_time":4.771655254},
{"learn":[0.6714330873],"iteration":241,"passed_time":1.521337411,"remaining_time":4.765180817},
{"learn":[0.6713309853],"iteration":242,"passed_time":1.527374409,"remaining_time":4.758116987},
{"learn":[0.6712561742],"iteration":243,"passed_time":1.534192822,"remaining_time":4.753482678},
{"learn":[0.6711369026],"iteration":244,"passed_time":1.541012274,"remaining_time":4.748833742},
{"learn":[0.671086439],"iteration":245,"passed_time":1.54741372,"remaining_time":4.742885956},
{"learn":[0.670995448],"iteration":246,"passed_time":1.553072109,"remaining_time":4.734669224},
{"learn":[0.6709190185],"iteration":247,"passed_time":1.558946954,"remaining_time":4.727129474},
{"learn":[0.670758837],"iteration":248,"passed_time":1.564862593,"remaining_time":4.719726134},
{"learn":[0.6706361888],"iteration":249,"passed_time":1.570360248,"remaining_time":4.711080743},
{"learn":[0.6705412786],"iteration":250,"passed_time":1.576514283,"remaining_time":4.704419114},
{"learn":[0.6704989035],"iteration":251,"passed_time":1.582262677,"remaining_time":4.696557471},
{"learn":[0.670452251],"iteration":252,"passed_time":1.587597288,"remaining_time":4.687490806},
{"learn":[0.6703549262],"iteration":253,"passed_time":1.593510514,"remaining_time":4.680152927},
{"learn":[0.670254866],"iteration":254,"passed_time":1.599248326,"remaining_time":4.672313737},
{"learn":[0.6702277722],"iteration":255,"passed_time":1.604620634,"remaining_time":4.663428718},
{"learn":[0.6701860294],"iteration":256,"passed_time":1.610170287,"remaining_time":4.655083747},
{"learn":[0.6700798472],"iteration":257,"passed_time":1.616178906,"remaining_time":4.648080418},
{"learn":[0.6699296947],"iteration":258,"passed_time":1.623082633,"remaining_time":4.643645679},
{"learn":[0.6697954887],"iteration":259,"passed_time":1.628927365,"remaining_time":4.636177884},
{"learn":[0.6697055421],"iteration":260,"passed_time":1.634809118,"remaining_time":4.628827349},
{"learn":[0.6696102026],"iteration":261,"passed_time":1.640743444,"remaining_time":4.621636113},
{"learn":[0.6695631977],"iteration":262,"passed_time":1.646357264,"remaining_time":4.613556287},
{"learn":[0.6694252255],"iteration":263,"passed_time":1.652810015,"remaining_time":4.607833982},
{"learn":[0.6693866266],"iteration":264,"passed_time":1.658396741,"remaining_time":4.599704168},
{"learn":[0.6693258076],"iteration":265,"passed_time":1.664161516,"remaining_time":4.592084784},
{"learn":[0.6692310429],"iteration":266,"passed_time":1.671457023,"remaining_time":4.588681641},
{"learn":[0.6691183289],"iteration":267,"passed_time":1.678655243,"remaining_time":4.584983723},
{"learn":[0.6690711868],"iteration":268,"passed_time":1.68495713,"remaining_time":4.578824023},
{"learn":[0.6689470916],"iteration":269,"passed_time":1.690959592,"remaining_time":4.571853713},
{"learn":[0.6688719742],"iteration":270,"passed_time":1.696670802,"remaining_time":4.564107066},
{"learn":[0.6687445502],"iteration":271,"passed_time":1.702302823,"remaining_time":4.556163439},
{"learn":[0.6687127302],"iteration":272,"passed_time":1.707820091,"remaining_time":4.547931157},
{"learn":[0.6685673475],"iteration":273,"passed_time":1.713404944,"remaining_time":4.539897771},
{"learn":[0.6685089879],"iteration":274,"passed_time":1.71944668,"remaining_time":4.533086702},
{"learn":[0.6684222117],"iteration":275,"passed_time":1.725198248,"remaining_time":4.525520041},
{"learn":[0.6683772635],"iteration":276,"passed_time":1.730810587,"remaining_time":4.517603085},
{"learn":[0.6682796375],"iteration":277,"passed_time":1.736485143,"remaining_time":4.509864292},
{"learn":[0.6682070659],"iteration":278,"passed_time":1.742477839,"remaining_time":4.502962443},
{"learn":[0.6680728616],"iteration":279,"passed_time":1.74862595,"remaining_time":4.496466729},
{"learn":[0.6680162763],"iteration":280,"passed_time":1.753874102,"remaining_time":4.487670745},
{"learn":[0.6679141824],"iteration":281,"passed_time":1.759750186,"remaining_time":4.480498702},
{"learn":[0.6677899586],"iteration":282,"passed_time":1.766511616,"remaining_time":4.475578899},
{"learn":[0.6677488551],"iteration":283,"passed_time":1.773360962,"remaining_time":4.470867778},
{"learn":[0.6675842793],"iteration":284,"passed_time":1.779859876,"remaining_time":4.465262495},
{"learn":[0.6675032248],"iteration":285,"passed_time":1.786710497,"remaining_time":4.460529002},
{"learn":[0.6673986155],"iteration":286,"passed_time":1.793493423,"remaining_time":4.45561258},
{"learn":[0.6673092209],"iteration":287,"passed_time":1.80003136,"remaining_time":4.450077528},
{"learn":[0.6671890429],"iteration":288,"passed_time":1.806931298,"remaining_time":4.445426135},
{"learn":[0.667133329],"iteration":289,"passed_time":1.813685703,"remaining_time":4.440402929},
{"learn":[0.6670058793],"iteration":290,"passed_time":1.820633275,"remaining_time":4.435838461},
{"learn":[0.6669385559],"iteration":291,"passed_time":1.827314711,"remaining_time":4.430612381},
{"learn":[0.6668349333],"iteration":292,"passed_time":1.834769711,"remaining_time":4.427242953},
{"learn":[0.6667331451],"iteration":293,"passed_time":1.841282544,"remaining_time":4.421583252},
{"learn":[0.666662984],"iteration":294,"passed_time":1.847198949,"remaining_time":4.414492404},
{"learn":[0.6665428039],"iteration":295,"passed_time":1.853277535,"remaining_time":4.407795218},
{"learn":[0.6664386968],"iteration":296,"passed_time":1.858862654,"remaining_time":4.399934161},
{"learn":[0.6663620206],"iteration":297,"passed_time":1.864310999,"remaining_time":4.391766179},
{"learn":[0.6662613411],"iteration":298,"passed_time":1.8698313,"remaining_time":4.383785088},
{"learn":[0.666208375],"iteration":299,"passed_time":1.875970658,"remaining_time":4.377264868},
{"learn":[0.6661331725],"iteration":300,"passed_time":1.882029132,"remaining_time":4.370559346},
{"learn":[0.6660547345],"iteration":301,"passed_time":1.888165395,"remaining_time":4.364037899},
{"learn":[0.6659805417],"iteration":302,"passed_time":1.894108704,"remaining_time":4.357075137},
{"learn":[0.665871905],"iteration":303,"passed_time":1.900645543,"remaining_time":4.351477954},
{"learn":[0.6657824421],"iteration":304,"passed_time":1.906983003,"remaining_time":4.345420286},
{"learn":[0.6656616788],"iteration":305,"passed_time":1.913326063,"remaining_time":4.339373489},
{"learn":[0.6655917254],"iteration":306,"passed_time":1.919511364,"remaining_time":4.332968649},
{"learn":[0.6655351137],"iteration":307,"passed_time":1.925775064,"remaining_time":4.326741378},
{"learn":[0.6653885599],"iteration":308,"passed_time":1.931972645,"remaining_time":4.320366011},
{"learn":[0.665289562],"iteration":309,"passed_time":1.93784352,"remaining_time":4.313264609},
{"learn":[0.6651840332],"iteration":310,"passed_time":1.94398747,"remaining_time":4.3067761},
{"learn":[0.6650915621],"iteration":311,"passed_time":1.950307177,"remaining_time":4.300677364},
{"learn":[0.6650184528],"iteration":312,"passed_time":1.956034677,"remaining_time":4.293277389},
{"learn":[0.6648561472],"iteration":313,"passed_time":1.963985458,"remaining_time":4.290745301},
{"learn":[0.664670798],"iteration":314,"passed_time":1.971062415,"remaining_time":4.286278586},
{"learn":[0.6645454422],"iteration":315,"passed_time":1.977359393,"remaining_time":4.28010704},
{"learn":[0.6644851479],"iteration":316,"passed_time":1.982897096,"remaining_time":4.272298791},
{"learn":[0.6644008868],"iteration":317,"passed_time":1.988416686,"remaining_time":4.264465975},
{"learn":[0.6643454904],"iteration":318,"passed_time":1.994137656,"remaining_time":4.257077567},
{"learn":[0.664250025],"iteration":319,"passed_time":1.999444419,"remaining_time":4.248819389},
{"learn":[0.6641775339],"iteration":320,"passed_time":2.005241708,"remaining_time":4.241617196},
{"learn":[0.6640684489],"iteration":321,"passed_time":2.011216239,"remaining_time":4.234796926},
{"learn":[0.6640004369],"iteration":322,"passed_time":2.016745004,"remaining_time":4.227047578},
{"learn":[0.6639435639],"iteration":323,"passed_time":2.022409214,"remaining_time":4.219594532},
{"learn":[0.6638104438],"iteration":324,"passed_time":2.028162037,"remaining_time":4.212336539},
{"learn":[0.6637664974],"iteration":325,"passed_time":2.033365723,"remaining_time":4.203952445},
{"learn":[0.6636119788],"iteration":326,"passed_time":2.039519679,"remaining_time":4.19754356},
{"learn":[0.6635047445],"iteration":327,"passed_time":2.045364709,"remaining_time":4.190503305},
{"learn":[0.6633557779],"iteration":328,"passed_time":2.051508193,"remaining_time":4.184079021},
{"learn":[0.6632208265],"iteration":329,"passed_time":2.057153072,"remaining_time":4.176644116},
{"learn":[0.6631413629],"iteration":330,"passed_time":2.062626781,"remaining_time":4.168874067},
{"learn":[0.6630333478],"iteration":331,"passed_time":2.068204924,"remaining_time":4.16132798},
{"learn":[0.6629774308],"iteration":332,"passed_time":2.074383316,"remaining_time":4.154996012},
{"learn":[0.6629346292],"iteration":333,"passed_time":2.081035103,"remaining_time":4.149608918},
{"learn":[0.6627649941],"iteration":334,"passed_time":2.087575407,"remaining_time":4.143992972},
{"learn":[0.6626424519],"iteration":335,"passed_time":2.0937823,"remaining_time":4.137712641},
{"learn":[0.6625638631],"iteration":336,"passed_time":2.100951097,"remaining_time":4.133325155},
{"learn":[0.6625162081],"iteration":337,"passed_time":2.108095082,"remaining_time":4.128872615},
{"learn":[0.6624422828],"iteration":338,"passed_time":2.114271827,"remaining_time":4.122518224},
{"learn":[0.6623775081],"iteration":339,"passed_time":2.120469003,"remaining_time":4.116204535},
{"learn":[0.6622840512],"iteration":340,"passed_time":2.126870006,"remaining_time":4.110285437},
{"learn":[0.6621480661],"iteration":341,"passed_time":2.133637705,"remaining_time":4.105069036},
{"learn":[0.6620621741],"iteration":342,"passed_time":2.141160069,"remaining_time":4.101289112},
{"learn":[0.6619387324],"iteration":343,"passed_time":2.147583816,"remaining_time":4.095392393},
{"learn":[0.6618762842],"iteration":344,"passed_time":2.154226732,"remaining_time":4.089908722},
{"learn":[0.6617787646],"iteration":345,"passed_time":2.160736514,"remaining_time":4.084166705},
{"learn":[0.6616518905],"iteration":346,"passed_time":2.167401549,"remaining_time":4.078712425},
{"learn":[0.6615946352],"iteration":347,"passed_time":2.173865683,"remaining_time":4.072874786},
{"learn":[0.66145676],"iteration":348,"passed_time":2.180262694,"remaining_time":4.066908349},
{"learn":[0.6614135322],"iteration":349,"passed_time":2.186123286,"remaining_time":4.059943246},
{"learn":[0.6613607732],"iteration":350,"passed_time":2.191880869,"remaining_time":4.052793972},
{"learn":[0.6612673792],"iteration":351,"passed_time":2.197611652,"remaining_time":4.045603268},
{"learn":[0.6611362013],"iteration":352,"passed_time":2.203952515,"remaining_time":4.03953903},
{"learn":[0.6610449037],"iteration":353,"passed_time":2.210276156,"remaining_time":4.033441799},
{"learn":[0.6608928288],"iteration":354,"passed_time":2.217297829,"remaining_time":4.028611549},
{"learn":[0.6607832786],"iteration":355,"passed_time":2.223793552,"remaining_time":4.022817549},
{"learn":[0.6607093454],"iteration":356,"passed_time":2.229712018,"remaining_time":4.01597991},
{"learn":[0.6606362465],"iteration":357,"passed_time":2.236047863,"remaining_time":4.009895888},
{"learn":[0.6605301791],"iteration":358,"passed_time":2.241852813,"remaining_time":4.002862543},
{"learn":[0.6604159594],"iteration":359,"passed_time":2.248014823,"remaining_time":3.996470796},
{"learn":[0.6603293865],"iteration":360,"passed_time":2.255729451,"remaining_time":3.992828585},
{"learn":[0.6602343079],"iteration":361,"passed_time":2.262955957,"remaining_time":3.988303593},
{"learn":[0.660165037],"iteration":362,"passed_time":2.269677918,"remaining_time":3.98287833},
{"learn":[0.6600996787],"iteration":363,"passed_time":2.275846869,"remaining_time":3.976479694},
{"learn":[0.660022065],"iteration":364,"passed_time":2.282090037,"remaining_time":3.970211434},
{"learn":[0.6599229922],"iteration":365,"passed_time":2.287712092,"remaining_time":3.962867394},
{"learn":[0.6597731365],"iteration":366,"passed_time":2.293954247,"remaining_time":3.956602284},
{"learn":[0.6597229175],"iteration":367,"passed_time":2.299880799,"remaining_time":3.949795286},
{"learn":[0.6596378239],"iteration":368,"passed_time":2.30633493,"remaining_time":3.943895232},
{"learn":[0.6595062441],"iteration":369,"passed_time":2.312914569,"remaining_time":3.938205887},
{"learn":[0.6594239609],"iteration":370,"passed_time":2.3196877,"remaining_time":3.932839792},
{"learn":[0.6593778509],"iteration":371,"passed_time":2.326329927,"remaining_time":3.927245146},
{"learn":[0.6593386504],"iteration":372,"passed_time":2.332828909,"remaining_time":3.921404091},
{"learn":[0.6592714359],"iteration":373,"passed_time":2.339401833,"remaining_time":3.915683282},
{"learn":[0.6591602737],"iteration":374,"passed_time":2.346768923,"remaining_time":3.911281539},
{"learn":[0.659124915],"iteration":375,"passed_time":2.353308602,"remaining_time":3.905490871},
{"learn":[0.6590314006],"iteration":376,"passed_time":2.359709629,"remaining_time":3.899467105},
{"learn":[0.6589550889],"iteration":377,"passed_time":2.3660344,"remaining_time":3.893315865},
{"learn":[0.6588110271],"iteration":378,"passed_time":2.372536246,"remaining_time":3.887453849},
{"learn":[0.6586743832],"iteration":379,"passed_time":2.379155362,"remaining_time":3.881779802},
{"learn":[0.6586124346],"iteration":380,"passed_time":2.384921827,"remaining_time":3.874715514},
{"learn":[0.658526131],"iteration":381,"passed_time":2.390672606,"remaining_time":3.867632646},
{"learn":[0.658402317],"iteration":382,"passed_time":2.396275582,"remaining_time":3.860318627},
{"learn":[0.6582769534],"iteration":383,"passed_time":2.402672713,"remaining_time":3.854287477},
{"learn":[0.6582206811],"iteration":384,"passed_time":2.41046544,"remaining_time":3.850483756},
{"learn":[0.6581398822],"iteration":385,"passed_time":2.416727558,"remaining_time":3.844224665},
{"learn":[0.6580508523],"iteration":386,"passed_time":2.422337591,"remaining_time":3.83693267},
{"learn":[0.6578975622],"iteration":387,"passed_time":2.428626453,"remaining_time":3.830720076},
{"learn":[0.6577492421],"iteration":388,"passed_time":2.43525934,"remaining_time":3.825047447},
{"learn":[0.6576878219],"iteration":389,"passed_time":2.441133116,"remaining_time":3.818182566},
{"learn":[0.6576378644],"iteration":390,"passed_time":2.446873714,"remaining_time":3.811115325},
{"learn":[0.6575843466],"iteration":391,"passed_time":2.452588695,"remaining_time":3.804015118},
{"learn":[0.6575503703],"iteration":392,"passed_time":2.458139437,"remaining_time":3.796668291},
{"learn":[0.6574622939],"iteration":393,"passed_time":2.46380804,"remaining_time":3.789511858},
{"learn":[0.6574146289],"iteration":394,"passed_time":2.469787484,"remaining_time":3.782839058},
{"learn":[0.6572846988],"iteration":395,"passed_time":2.476001064,"remaining_time":3.776526876},
{"learn":[0.6572140994],"iteration":396,"passed_time":2.481714574,"remaining_time":3.769455638},
{"learn":[0.657136895],"iteration":397,"passed_time":2.48736808,"remaining_time":3.762300463},
{"learn":[0.6570995162],"iteration":398,"passed_time":2.492737861,"remaining_time":3.75472545},
{"learn":[0.6570656511],"iteration":399,"passed_time":2.498737587,"remaining_time":3.74810638},
{"learn":[0.6570162602],"iteration":400,"passed_time":2.504144773,"remaining_time":3.740605284},
{"learn":[0.6568967307],"iteration":401,"passed_time":2.510303928,"remaining_time":3.734233207},
{"learn":[0.6568282461],"iteration":402,"passed_time":2.516097568,"remaining_time":3.727320715},
{"learn":[0.656756972],"iteration":403,"passed_time":2.521567383,"remaining_time":3.71993604},
{"learn":[0.6567123908],"iteration":404,"passed_time":2.52714604,"remaining_time":3.712720726},
{"learn":[0.6566513816],"iteration":405,"passed_time":2.53267583,"remaining_time":3.705441978},
{"learn":[0.6564920423],"iteration":406,"passed_time":2.538976038,"remaining_time":3.699294325},
{"learn":[0.656386281],"iteration":407,"passed_time":2.546801019,"remaining_time":3.695358341},
{"learn":[0.6562931086],"iteration":408,"passed_time":2.553118814,"remaining_time":3.689225474},
{"learn":[0.656146734],"iteration":409,"passed_time":2.55875351,"remaining_time":3.68210871},
{"learn":[0.6560497155],"iteration":410,"passed_time":2.564775896,"remaining_time":3.675554752},
{"learn":[0.6560193595],"iteration":411,"passed_time":2.570599093,"remaining_time":3.668719093},
{"learn":[0.6559693245],"iteration":412,"passed_time":2.576165174,"remaining_time":3.661522899},
{"learn":[0.6558856261],"iteration":413,"passed_time":2.582545724,"remaining_time":3.655487426},
{"learn":[0.6558077416],"iteration":414,"passed_time":2.588222091,"remaining_time":3.648457646},
{"learn":[0.6557380803],"iteration":415,"passed_time":2.593923565,"remaining_time":3.64146962},
{"learn":[0.6556988818],"iteration":416,"passed_time":2.599240494,"remaining_time":3.63395014},
{"learn":[0.6556665607],"iteration":417,"passed_time":2.605280174,"remaining_time":3.627447515},
{"learn":[0.6555285245],"iteration":418,"passed_time":2.611337894,"remaining_time":3.620972115},
{"learn":[0.655417199],"iteration":419,"passed_time":2.617327159,"remaining_time":3.614404172},
{"learn":[0.655358542],"iteration":420,"passed_time":2.6231092,"remaining_time":3.607553982},
{"learn":[0.6552296153],"iteration":421,"passed_time":2.62906213,"remaining_time":3.600942917},
{"learn":[0.6551412893],"iteration":422,"passed_time":2.635478443,"remaining_time":3.594967048},
{"learn":[0.6550132631],"iteration":423,"passed_time":2.640940578,"remaining_time":3.58769286},
{"learn":[0.6548745206],"iteration":424,"passed_time":2.647416476,"remaining_time":3.581798761},
{"learn":[0.6548287458],"iteration":425,"passed_time":2.653210262,"remaining_time":3.574982841},
{"learn":[0.6546943036],"iteration":426,"passed_time":2.659701784,"remaining_time":3.569108015},
{"learn":[0.6546638425],"iteration":427,"passed_time":2.665343741,"remaining_time":3.562094907},
{"learn":[0.6546279392],"iteration":428,"passed_time":2.671248187,"remaining_time":3.555437564},
{"learn":[0.6545314419],"iteration":429,"passed_time":2.677410731,"remaining_time":3.549125853},
{"learn":[0.6544093805],"iteration":430,"passed_time":2.683261279,"remaining_time":3.542402942},
{"learn":[0.6542992199],"iteration":431,"passed_time":2.688691649,"remaining_time":3.535131613},
{"learn":[0.6542442502],"iteration":432,"passed_time":2.695118868,"remaining_time":3.52917413},
{"learn":[0.65413954],"iteration":433,"passed_time":2.702136713,"remaining_time":3.523984745},
{"learn":[0.6540374643],"iteration":434,"passed_time":2.708094865,"remaining_time":3.517410572},
{"learn":[0.6539459989],"iteration":435,"passed_time":2.714271496,"remaining_time":3.511121843},
{"learn":[0.6539074057],"iteration":436,"passed_time":2.720002187,"remaining_time":3.504259111},
{"learn":[0.6538630168],"iteration":437,"passed_time":2.725657608,"remaining_time":3.497304968},
{"learn":[0.6537895098],"iteration":438,"passed_time":2.731298974,"remaining_time":3.49033878},
{"learn":[0.6537685235],"iteration":439,"passed_time":2.736929685,"remaining_time":3.483365054},
{"learn":[0.653710023],"iteration":440,"passed_time":2.742882125,"remaining_time":3.476805233},
{"learn":[0.6536299224],"iteration":441,"passed_time":2.748822604,"remaining_time":3.470233062},
{"learn":[0.6535114795],"iteration":442,"passed_time":2.755258724,"remaining_time":3.464286929},
{"learn":[0.6534148411],"iteration":443,"passed_time":2.761363217,"remaining_time":3.457923308},
{"learn":[0.6533818267],"iteration":444,"passed_time":2.767621336,"remaining_time":3.451752453},
{"learn":[0.6533268092],"iteration":445,"passed_time":2.773865255,"remaining_time":3.445563568},
{"learn":[0.6532564375],"iteration":446,"passed_time":2.780041557,"remaining_time":3.439290785},
{"learn":[0.6531559002],"iteration":447,"passed_time":2.78676575,"remaining_time":3.433693514},
{"learn":[0.6531098025],"iteration":448,"passed_time":2.792955861,"remaining_time":3.427435811},
{"learn":[0.6529898844],"iteration":449,"passed_time":2.799282815,"remaining_time":3.421345663},
{"learn":[0.6529556899],"iteration":450,"passed_time":2.804283854,"remaining_time":3.413640434},
{"learn":[0.6528183958],"iteration":451,"passed_time":2.810180564,"remaining_time":3.407033073},
{"learn":[0.6526841935],"iteration":452,"passed_time":2.816263446,"remaining_time":3.400653654},
{"learn":[0.6525237954],"iteration":453,"passed_time":2.822457172,"remaining_time":3.394408845},
{"learn":[0.6524919235],"iteration":454,"passed_time":2.828314748,"remaining_time":3.387761621},
{"learn":[0.6524382769],"iteration":455,"passed_time":2.833906663,"remaining_time":3.380800931},
{"learn":[0.6523915702],"iteration":456,"passed_time":2.839625173,"remaining_time":3.37399665},
{"learn":[0.6523543319],"iteration":457,"passed_time":2.845943469,"remaining_time":3.3679069},
{"learn":[0.6522458672],"iteration":458,"passed_time":2.853392255,"remaining_time":3.363148606},
{"learn":[0.652193038],"iteration":459,"passed_time":2.859559467,"remaining_time":3.356874157},
{"learn":[0.6521649987],"iteration":460,"passed_time":2.86497998,"remaining_time":3.349727135},
{"learn":[0.6521077802],"iteration":461,"passed_time":2.871158167,"remaining_time":3.3434699},
{"learn":[0.6520188751],"iteration":462,"passed_time":2.877313562,"remaining_time":3.337186572},
{"learn":[0.6519334102],"iteration":463,"passed_time":2.883350634,"remaining_time":3.330767112},
{"learn":[0.6518223718],"iteration":464,"passed_time":2.889998272,"remaining_time":3.325051776},
{"learn":[0.6517601709],"iteration":465,"passed_time":2.895887811,"remaining_time":3.318463715},
{"learn":[0.6516463635],"iteration":466,"passed_time":2.901680952,"remaining_time":3.311768624},
{"learn":[0.6515430427],"iteration":467,"passed_time":2.90714382,"remaining_time":3.304701949},
{"learn":[0.6515110069],"iteration":468,"passed_time":2.912637457,"remaining_time":3.29767695},
{"learn":[0.651422749],"iteration":469,"passed_time":2.918729905,"remaining_time":3.291333722},
{"learn":[0.6513226716],"iteration":470,"passed_time":2.92482538,"remaining_time":3.28499496},
{"learn":[0.6512083802],"iteration":471,"passed_time":2.930821685,"remaining_time":3.278546291},
{"learn":[0.6511478391],"iteration":472,"passed_time":2.936673442,"remaining_time":3.271938486},
{"learn":[0.6510638812],"iteration":473,"passed_time":2.94241234,"remaining_time":3.26520863},
{"learn":[0.6510006649],"iteration":474,"passed_time":2.947743492,"remaining_time":3.25803228},
{"learn":[0.6509790238],"iteration":475,"passed_time":2.954732187,"remaining_time":3.252688374},
{"learn":[0.6509312275],"iteration":476,"passed_time":2.960945745,"remaining_time":3.246487683},
{"learn":[0.6508740602],"iteration":477,"passed_time":2.967683687,"remaining_time":3.240859592},
{"learn":[0.6507999194],"iteration":478,"passed_time":2.973933487,"remaining_time":3.234695923},
{"learn":[0.6506863673],"iteration":479,"passed_time":2.980358999,"remaining_time":3.228722248},
{"learn":[0.6506027961],"iteration":480,"passed_time":2.987699526,"remaining_time":3.223734},
{"learn":[0.6505640813],"iteration":481,"passed_time":2.994424981,"remaining_time":3.218074979},
{"learn":[0.6504917884],"iteration":482,"passed_time":3.000299373,"remaining_time":3.211500571},
{"learn":[0.6504083033],"iteration":483,"passed_time":3.006413485,"remaining_time":3.205184625},
{"learn":[0.6503539303],"iteration":484,"passed_time":3.012207479,"remaining_time":3.198529592},
{"learn":[0.6502323827],"iteration":485,"passed_time":3.031854671,"remaining_time":3.206529425},
{"learn":[0.6501632851],"iteration":486,"passed_time":3.03745785,"remaining_time":3.199621924},
{"learn":[0.6500380864],"iteration":487,"passed_time":3.04336252,"remaining_time":3.193036086},
{"learn":[0.6499627919],"iteration":488,"passed_time":3.049576945,"remaining_time":3.186776725},
{"learn":[0.6499209781],"iteration":489,"passed_time":3.055474015,"remaining_time":3.18018724},
{"learn":[0.6498526855],"iteration":490,"passed_time":3.061478396,"remaining_time":3.173711819},
{"learn":[0.6497411758],"iteration":491,"passed_time":3.067688616,"remaining_time":3.167450847},
{"learn":[0.6496638161],"iteration":492,"passed_time":3.073503027,"remaining_time":3.160783031},
{"learn":[0.6495840036],"iteration":493,"passed_time":3.079520788,"remaining_time":3.154326961},
{"learn":[0.6494968659],"iteration":494,"passed_time":3.085502973,"remaining_time":3.147836367},
{"learn":[0.6493954964],"iteration":495,"passed_time":3.091388157,"remaining_time":3.141249257},
{"learn":[0.6493168232],"iteration":496,"passed_time":3.097097861,"remaining_time":3.134487373},
{"learn":[0.6492376725],"iteration":497,"passed_time":3.102979661,"remaining_time":3.127903192},
{"learn":[0.6491709736],"iteration":498,"passed_time":3.10906072,"remaining_time":3.121521885},
{"learn":[0.6490983479],"iteration":499,"passed_time":3.114812303,"remaining_time":3.114812303},
{"learn":[0.6489716479],"iteration":500,"passed_time":3.120621727,"remaining_time":3.108164155},
{"learn":[0.6489162875],"iteration":501,"passed_time":3.12769449,"remaining_time":3.102772622},
{"learn":[0.6488735965],"iteration":502,"passed_time":3.134515015,"remaining_time":3.097125174},
{"learn":[0.6488280719],"iteration":503,"passed_time":3.140155235,"remaining_time":3.090311501},
{"learn":[0.6487634974],"iteration":504,"passed_time":3.145569865,"remaining_time":3.083281353},
{"learn":[0.6486497359],"iteration":505,"passed_time":3.151619592,"remaining_time":3.076877626},
{"learn":[0.6485317557],"iteration":506,"passed_time":3.157793576,"remaining_time":3.07059612},
{"learn":[0.6484725903],"iteration":507,"passed_time":3.163668695,"remaining_time":3.064025586},
{"learn":[0.648403721],"iteration":508,"passed_time":3.169538939,"remaining_time":3.057453082},
{"learn":[0.6483008657],"iteration":509,"passed_time":3.175740528,"remaining_time":3.051201684},
{"learn":[0.6482177782],"iteration":510,"passed_time":3.181330582,"remaining_time":3.044365273},
{"learn":[0.648064605],"iteration":511,"passed_time":3.186791674,"remaining_time":3.037410814},
{"learn":[0.6480215738],"iteration":512,"passed_time":3.192569778,"remaining_time":3.030763123},
{"learn":[0.6479435163],"iteration":513,"passed_time":3.198405634,"remaining_time":3.024173421},
{"learn":[0.6478163273],"iteration":514,"passed_time":3.20450807,"remaining_time":3.017837697},
{"learn":[0.6476695052],"iteration":515,"passed_time":3.210675697,"remaining_time":3.011564026},
{"learn":[0.6475817553],"iteration":516,"passed_time":3.216284799,"remaining_time":3.00476897},
{"learn":[0.6475420377],"iteration":517,"passed_time":3.221963347,"remaining_time":2.998043114},
{"learn":[0.6474642582],"iteration":518,"passed_time":3.227551456,"remaining_time":2.991237477},
{"learn":[0.6473139251],"iteration":519,"passed_time":3.233565888,"remaining_time":2.984830051},
{"learn":[0.647218809],"iteration":520,"passed_time":3.239416039,"remaining_time":2.978273095},
{"learn":[0.6471460394],"iteration":521,"passed_time":3.245316984,"remaining_time":2.971765361},
{"learn":[0.6470629921],"iteration":522,"passed_time":3.251062273,"remaining_time":2.965117981},
{"learn":[0.6469548072],"iteration":523,"passed_time":3.256726414,"remaining_time":2.958400331},
{"learn":[0.6468900086],"iteration":524,"passed_time":3.262665372,"remaining_time":2.951935337},
{"learn":[0.6468577938],"iteration":525,"passed_time":3.268132053,"remaining_time":2.945046755},
{"learn":[0.6467772322],"iteration":526,"passed_time":3.274958919,"remaining_time":2.939384381},
{"learn":[0.6466436369],"iteration":527,"passed_time":3.282157944,"remaining_time":2.934050283},
{"learn":[0.6465410682],"iteration":528,"passed_time":3.288167345,"remaining_time":2.927649943},
{"learn":[0.6464532799],"iteration":529,"passed_time":3.294060968,"remaining_time":2.921148405},
{"learn":[0.6463665877],"iteration":530,"passed_time":3.300156786,"remaining_time":2.914827745},
{"learn":[0.6462549847],"iteration":531,"passed_time":3.306028806,"remaining_time":2.908311055},
{"learn":[0.6461546404],"iteration":532,"passed_time":3.311835691,"remaining_time":2.901739714},
{"learn":[0.6460581979],"iteration":533,"passed_time":3.317725677,"remaining_time":2.895243755},
{"learn":[0.6460070431],"iteration":534,"passed_time":3.323215778,"remaining_time":2.888402499},
{"learn":[0.6459801642],"iteration":535,"passed_time":3.328727876,"remaining_time":2.881585325},
{"learn":[0.6459239652],"iteration":536,"passed_time":3.334597726,"remaining_time":2.875081466},
{"learn":[0.6458833478],"iteration":537,"passed_time":3.340608146,"remaining_time":2.868700676},
{"learn":[0.6458410098],"iteration":538,"passed_time":3.346302401,"remaining_time":2.862050848},
{"learn":[0.6457413796],"iteration":539,"passed_time":3.352907051,"remaining_time":2.856180081},
{"learn":[0.6456329796],"iteration":540,"passed_time":3.358866593,"remaining_time":2.849759272},
{"learn":[0.6455709303],"iteration":541,"passed_time":3.364288167,"remaining_time":2.842885573},
{"learn":[0.6454492317],"iteration":542,"passed_time":3.370081379,"remaining_time":2.83633},
{"learn":[0.6453495818],"iteration":543,"passed_time":3.375964972,"remaining_time":2.829852991},
{"learn":[0.6452887096],"iteration":544,"passed_time":3.399468212,"remaining_time":2.838088141},
{"learn":[0.6452502522],"iteration":545,"passed_time":3.405191438,"remaining_time":2.831422918},
{"learn":[0.6451822831],"iteration":546,"passed_time":3.411048691,"remaining_time":2.824872134},
{"learn":[0.6450868674],"iteration":547,"passed_time":3.419379549,"remaining_time":2.820364154},
{"learn":[0.6450576564],"iteration":548,"passed_time":3.426505135,"remaining_time":2.814852124},
{"learn":[0.6449450886],"iteration":549,"passed_time":3.431843253,"remaining_time":2.807871752},
{"learn":[0.6448908168],"iteration":550,"passed_time":3.437324295,"remaining_time":2.801013808},
{"learn":[0.6448238622],"iteration":551,"passed_time":3.443233179,"remaining_time":2.794508087},
{"learn":[0.6447808328],"iteration":552,"passed_time":3.448521609,"remaining_time":2.787503},
{"learn":[0.6447018379],"iteration":553,"passed_time":3.453997443,"remaining_time":2.780654981},
{"learn":[0.6446700995],"iteration":554,"passed_time":3.459780001,"remaining_time":2.774057839},
{"learn":[0.6445819386],"iteration":555,"passed_time":3.466147747,"remaining_time":2.767930935},
{"learn":[0.6444539115],"iteration":556,"passed_time":3.471825658,"remaining_time":2.761254518},
{"learn":[0.6443678956],"iteration":557,"passed_time":3.478012692,"remaining_time":2.754984964},
{"learn":[0.64429407],"iteration":558,"passed_time":3.484047922,"remaining_time":2.748595946},
{"learn":[0.6442706732],"iteration":559,"passed_time":3.489687758,"remaining_time":2.741897524},
{"learn":[0.6441895198],"iteration":560,"passed_time":3.495285527,"remaining_time":2.735169958},
{"learn":[0.6441510951],"iteration":561,"passed_time":3.501318319,"remaining_time":2.728785452},
{"learn":[0.6440720942],"iteration":562,"passed_time":3.50697929,"remaining_time":2.722113587},
{"learn":[0.6440482215],"iteration":563,"passed_time":3.512692612,"remaining_time":2.715485778},
{"learn":[0.6439236327],"iteration":564,"passed_time":3.518736606,"remaining_time":2.709115794},
{"learn":[0.6438083899],"iteration":565,"passed_time":3.52488718,"remaining_time":2.702828686},
{"learn":[0.6436936196],"iteration":566,"passed_time":3.530718924,"remaining_time":2.696298579},
{"learn":[0.6436441496],"iteration":567,"passed_time":3.53656375,"remaining_time":2.68978088},
{"learn":[0.6435794901],"iteration":568,"passed_time":3.542228052,"remaining_time":2.683128806},
{"learn":[0.6434843196],"iteration":569,"passed_time":3.548054735,"remaining_time":2.676602695},
{"learn":[0.6433662536],"iteration":570,"passed_time":3.553699051,"remaining_time":2.669942019},
{"learn":[0.6432628654],"iteration":571,"passed_time":3.559705812,"remaining_time":2.663556097},
{"learn":[0.6431935851],"iteration":572,"passed_time":3.566064349,"remaining_time":2.657433642},
{"learn":[0.643147028],"iteration":573,"passed_time":3.572939195,"remaining_time":2.651693549},
{"learn":[0.6430170748],"iteration":574,"passed_time":3.580098504,"remaining_time":2.646159764},
{"learn":[0.6429527638],"iteration":575,"passed_time":3.58623573,"remaining_time":2.639867968},
{"learn":[0.6428960066],"iteration":576,"passed_time":3.591952898,"remaining_time":2.633268762},
{"learn":[0.6427971638],"iteration":577,"passed_time":3.597716531,"remaining_time":2.626706533},
{"learn":[0.6426559504],"iteration":578,"passed_time":3.603421563,"remaining_time":2.620104453},
{"learn":[0.6425786705],"iteration":579,"passed_time":3.608927644,"remaining_time":2.613361397},
{"learn":[0.6425074866],"iteration":580,"passed_time":3.614660729,"remaining_time":2.606786309},
{"learn":[0.6424713556],"iteration":581,"passed_time":3.620369633,"remaining_time":2.600196746},
{"learn":[0.6424065809],"iteration":582,"passed_time":3.626143765,"remaining_time":2.593656861},
{"learn":[0.6423731088],"iteration":583,"passed_time":3.631516222,"remaining_time":2.586833473},
{"learn":[0.6423257603],"iteration":584,"passed_time":3.636914773,"remaining_time":2.580033557},
{"learn":[0.6422234657],"iteration":585,"passed_time":3.642918714,"remaining_time":2.573666122},
{"learn":[0.6421427394],"iteration":586,"passed_time":3.648768578,"remaining_time":2.567191521},
{"learn":[0.6420787817],"iteration":587,"passed_time":3.654775988,"remaining_time":2.560829434},
{"learn":[0.6419673938],"iteration":588,"passed_time":3.661182742,"remaining_time":2.55474721},
{"learn":[0.6418633932],"iteration":589,"passed_time":3.667035438,"remaining_time":2.548278864},
{"learn":[0.6418309174],"iteration":590,"passed_time":3.673207231,"remaining_time":2.542033431},
{"learn":[0.6417593566],"iteration":591,"passed_time":3.679011703,"remaining_time":2.535535093},
{"learn":[0.6417218722],"iteration":592,"passed_time":3.684388078,"remaining_time":2.528745274},
{"learn":[0.6415963206],"iteration":593,"passed_time":3.690193138,"remaining_time":2.522253223},
{"learn":[0.6415663009],"iteration":594,"passed_time":3.696095405,"remaining_time":2.515829646},
{"learn":[0.6415076345],"iteration":595,"passed_time":3.702346136,"remaining_time":2.509644025},
{"learn":[0.6414707833],"iteration":596,"passed_time":3.708070761,"remaining_time":2.503103043},
{"learn":[0.6414055624],"iteration":597,"passed_time":3.713710019,"remaining_time":2.496507404},
{"learn":[0.6413258207],"iteration":598,"passed_time":3.719519935,"remaining_time":2.490029205},
{"learn":[0.6412201008],"iteration":599,"passed_time":3.727285727,"remaining_time":2.484857151},
{"learn":[0.6411410449],"iteration":600,"passed_time":3.733819488,"remaining_time":2.478858528},
{"learn":[0.6410198873],"iteration":601,"passed_time":3.740110169,"remaining_time":2.472697421},
{"learn":[0.6409386098],"iteration":602,"passed_time":3.746219924,"remaining_time":2.466416766},
{"learn":[0.6408619141],"iteration":603,"passed_time":3.752733338,"remaining_time":2.460401328},
{"learn":[0.6407425879],"iteration":604,"passed_time":3.758372614,"remaining_time":2.453813525},
{"learn":[0.6406919523],"iteration":605,"passed_time":3.764476565,"remaining_time":2.447530968},
{"learn":[0.640616665],"iteration":606,"passed_time":3.77080268,"remaining_time":2.441392839},
{"learn":[0.6405447096],"iteration":607,"passed_time":3.776948359,"remaining_time":2.435137758},
{"learn":[0.6404677134],"iteration":608,"passed_time":3.783167786,"remaining_time":2.428930385},
{"learn":[0.6403556786],"iteration":609,"passed_time":3.789378475,"remaining_time":2.422717386},
{"learn":[0.6402664737],"iteration":610,"passed_time":3.795513524,"remaining_time":2.416456237},
{"learn":[0.6401874089],"iteration":611,"passed_time":3.801623259,"remaining_time":2.410179452},
{"learn":[0.6401525873],"iteration":612,"passed_time":3.807190903,"remaining_time":2.403560978},
{"learn":[0.6400706997],"iteration":613,"passed_time":3.812754755,"remaining_time":2.396943543},
{"learn":[0.6399782899],"iteration":614,"passed_time":3.818959166,"remaining_time":2.390730535},
{"learn":[0.6399528408],"iteration":615,"passed_time":3.824845805,"remaining_time":2.384319463},
{"learn":[0.6398685295],"iteration":616,"passed_time":3.830577601,"remaining_time":2.377813973},
{"learn":[0.6397690284],"iteration":617,"passed_time":3.836721175,"remaining_time":2.371565516},
{"learn":[0.6396841126],"iteration":618,"passed_time":3.842633262,"remaining_time":2.365174916},
{"learn":[0.6395606898],"iteration":619,"passed_time":3.848229851,"remaining_time":2.358592489},
{"learn":[0.6394552075],"iteration":620,"passed_time":3.853995887,"remaining_time":2.352116652},
{"learn":[0.6393470583],"iteration":621,"passed_time":3.860332559,"remaining_time":2.345989883},
{"learn":[0.6392873984],"iteration":622,"passed_time":3.866050639,"remaining_time":2.339488107},
{"learn":[0.6392679693],"iteration":623,"passed_time":3.872354891,"remaining_time":2.33334205},
{"learn":[0.6391933958],"iteration":624,"passed_time":3.878873798,"remaining_time":2.327324279},
{"learn":[0.6391413742],"iteration":625,"passed_time":3.885101679,"remaining_time":2.321131035},
{"learn":[0.6390367431],"iteration":626,"passed_time":3.891455065,"remaining_time":2.315012343},
{"learn":[0.6390198843],"iteration":627,"passed_time":3.897264677,"remaining_time":2.308570796},
{"learn":[0.6389881189],"iteration":628,"passed_time":3.902801048,"remaining_time":2.301970094},
{"learn":[0.6388544903],"iteration":629,"passed_time":3.908317394,"remaining_time":2.295361009},
{"learn":[0.6387916484],"iteration":630,"passed_time":3.914193559,"remaining_time":2.288965805},
{"learn":[0.6387044166],"iteration":631,"passed_time":3.920188558,"remaining_time":2.282641439},
{"learn":[0.6386089627],"iteration":632,"passed_time":3.925902407,"remaining_time":2.276155108},
{"learn":[0.6385553992],"iteration":633,"passed_time":3.931332544,"remaining_time":2.269507431},
{"learn":[0.6385190912],"iteration":634,"passed_time":3.936855433,"remaining_time":2.262916903},
{"learn":[0.6384252127],"iteration":635,"passed_time":3.942178443,"remaining_time":2.256215335},
{"learn":[0.6382583515],"iteration":636,"passed_time":3.948166116,"remaining_time":2.249896861},
{"learn":[0.6381759028],"iteration":637,"passed_time":3.95401416,"remaining_time":2.243500198},
{"learn":[0.6381252802],"iteration":638,"passed_time":3.959521103,"remaining_time":2.236912548},
{"learn":[0.6380011954],"iteration":639,"passed_time":3.965794306,"remaining_time":2.230759297},
{"learn":[0.6379240409],"iteration":640,"passed_time":3.971698277,"remaining_time":2.224398879},
{"learn":[0.6378555595],"iteration":641,"passed_time":3.977743425,"remaining_time":2.218118608},
{"learn":[0.6378062102],"iteration":642,"passed_time":3.983313311,"remaining_time":2.211575198},
{"learn":[0.6377614211],"iteration":643,"passed_time":3.989082728,"remaining_time":2.20514511},
{"learn":[0.6376112728],"iteration":644,"passed_time":3.995195057,"remaining_time":2.198905807},
{"learn":[0.6375545308],"iteration":645,"passed_time":4.000778401,"remaining_time":2.192377019},
{"learn":[0.6374431835],"iteration":646,"passed_time":4.006443298,"remaining_time":2.185895648},
{"learn":[0.6373743242],"iteration":647,"passed_time":4.011923988,"remaining_time":2.179316734},
{"learn":[0.6373074969],"iteration":648,"passed_time":4.017062509,"remaining_time":2.172556149},
{"learn":[0.637260576],"iteration":649,"passed_time":4.023100732,"remaining_time":2.16628501},
{"learn":[0.6371741887],"iteration":650,"passed_time":4.030386429,"remaining_time":2.160683355},
{"learn":[0.6371114889],"iteration":651,"passed_time":4.037183101,"remaining_time":2.15481552},
{"learn":[0.6370225072],"iteration":652,"passed_time":4.043341142,"remaining_time":2.148605477},
{"learn":[0.6369671638],"iteration":653,"passed_time":4.04891207,"remaining_time":2.142084979},
{"learn":[0.6368723414],"iteration":654,"passed_time":4.054946231,"remaining_time":2.135811373},
{"learn":[0.6367948404],"iteration":655,"passed_time":4.060515151,"remaining_time":2.12929453},
{"learn":[0.6367561772],"iteration":656,"passed_time":4.066069396,"remaining_time":2.122772912},
{"learn":[0.6366411048],"iteration":657,"passed_time":4.072188897,"remaining_time":2.116548028},
{"learn":[0.636520312],"iteration":658,"passed_time":4.077829408,"remaining_time":2.110075612},
{"learn":[0.6364266674],"iteration":659,"passed_time":4.083733198,"remaining_time":2.103741344},
{"learn":[0.6363146277],"iteration":660,"passed_time":4.08944078,"remaining_time":2.097307752},
{"learn":[0.6362383653],"iteration":661,"passed_time":4.094837269,"remaining_time":2.090717518},
{"learn":[0.6362143428],"iteration":662,"passed_time":4.100114039,"remaining_time":2.084070032},
{"learn":[0.6361323842],"iteration":663,"passed_time":4.105355028,"remaining_time":2.077408568},
{"learn":[0.6360777504],"iteration":664,"passed_time":4.11139654,"remaining_time":2.071154648},
{"learn":[0.6360201784],"iteration":665,"passed_time":4.11706479,"remaining_time":2.064714174},
{"learn":[0.6359469228],"iteration":666,"passed_time":4.12286826,"remaining_time":2.058343524},
{"learn":[0.6358534831],"iteration":667,"passed_time":4.128349861,"remaining_time":2.051814602},
{"learn":[0.6357781314],"iteration":668,"passed_time":4.134510761,"remaining_time":2.045624906},
{"learn":[0.6357122745],"iteration":669,"passed_time":4.140019651,"remaining_time":2.039114156},
{"learn":[0.6356806531],"iteration":670,"passed_time":4.146225551,"remaining_time":2.032948146},
{"learn":[0.6356173647],"iteration":671,"passed_time":4.152821954,"remaining_time":2.02697262},
{"learn":[0.6355484852],"iteration":672,"passed_time":4.159179617,"remaining_time":2.020879249},
{"learn":[0.6355107795],"iteration":673,"passed_time":4.165411847,"remaining_time":2.014724425},
{"learn":[0.6354019507],"iteration":674,"passed_time":4.17169641,"remaining_time":2.008594568},
{"learn":[0.6353587855],"iteration":675,"passed_time":4.178727547,"remaining_time":2.002822079},
{"learn":[0.6352361626],"iteration":676,"passed_time":4.186725093,"remaining_time":1.99750695},
{"learn":[0.6351867604],"iteration":677,"passed_time":4.192564681,"remaining_time":1.991159037},
{"learn":[0.635129702],"iteration":678,"passed_time":4.198336644,"remaining_time":1.984780652},
{"learn":[0.6350811815],"iteration":679,"passed_time":4.204277526,"remaining_time":1.978483541},
{"learn":[0.634962811],"iteration":680,"passed_time":4.210378043,"remaining_time":1.972262255},
{"learn":[0.6348868456],"iteration":681,"passed_time":4.216795228,"remaining_time":1.966188977},
{"learn":[0.6348054822],"iteration":682,"passed_time":4.223325674,"remaining_time":1.96016726},
{"learn":[0.6347744325],"iteration":683,"passed_time":4.228912134,"remaining_time":1.953707945},
{"learn":[0.6346525659],"iteration":684,"passed_time":4.234602397,"remaining_time":1.947298913},
{"learn":[0.634519264],"iteration":685,"passed_time":4.240897963,"remaining_time":1.941169039},
{"learn":[0.6344853269],"iteration":686,"passed_time":4.24678677,"remaining_time":1.934853361},
{"learn":[0.6343816436],"iteration":687,"passed_time":4.253070328,"remaining_time":1.928717939},
{"learn":[0.6343292888],"iteration":688,"passed_time":4.258919364,"remaining_time":1.922385954},
{"learn":[0.634218114],"iteration":689,"passed_time":4.265537875,"remaining_time":1.916401074},
{"learn":[0.6341320188],"iteration":690,"passed_time":4.271879671,"remaining_time":1.91029062},
{"learn":[0.6340354709],"iteration":691,"passed_time":4.2783441,"remaining_time":1.904234079},
{"learn":[0.6338948159],"iteration":692,"passed_time":4.284870885,"remaining_time":1.898203985},
{"learn":[0.6338206248],"iteration":693,"passed_time":4.290737388,"remaining_time":1.891881327},
{"learn":[0.6337696043],"iteration":694,"passed_time":4.297433929,"remaining_time":1.885924242},
{"learn":[0.6337165685],"iteration":695,"passed_time":4.303824976,"remaining_time":1.879831599},
{"learn":[0.6336876731],"iteration":696,"passed_time":4.309992462,"remaining_time":1.873640913},
{"learn":[0.6336272677],"iteration":697,"passed_time":4.316121751,"remaining_time":1.867433766},
{"learn":[0.6336008571],"iteration":698,"passed_time":4.322082332,"remaining_time":1.861154194},
{"learn":[0.6334911007],"iteration":699,"passed_time":4.329052422,"remaining_time":1.855308181},
{"learn":[0.6334710189],"iteration":700,"passed_time":4.336281115,"remaining_time":1.849569263},
{"learn":[0.6334381799],"iteration":701,"passed_time":4.342967963,"remaining_time":1.843596087},
{"learn":[0.6333596116],"iteration":702,"passed_time":4.34901945,"remaining_time":1.837352456},
{"learn":[0.6332202922],"iteration":703,"passed_time":4.355519799,"remaining_time":1.831298097},
{"learn":[0.6331489681],"iteration":704,"passed_time":4.361912236,"remaining_time":1.825197319},
{"learn":[0.6330312745],"iteration":705,"passed_time":4.368873962,"remaining_time":1.819332783},
{"learn":[0.633000641],"iteration":706,"passed_time":4.375582385,"remaining_time":1.813360168},
{"learn":[0.6329725079],"iteration":707,"passed_time":4.382158085,"remaining_time":1.807330736},
{"learn":[0.6328843729],"iteration":708,"passed_time":4.388832556,"remaining_time":1.801340302},
{"learn":[0.6328273946],"iteration":709,"passed_time":4.39533464,"remaining_time":1.795277529},
{"learn":[0.6327524232],"iteration":710,"passed_time":4.401931003,"remaining_time":1.789251842},
{"learn":[0.632722689],"iteration":711,"passed_time":4.408389115,"remaining_time":1.783168631},
{"learn":[0.632677329],"iteration":712,"passed_time":4.414782849,"remaining_time":1.777058454},
{"learn":[0.6326384555],"iteration":713,"passed_time":4.421253405,"remaining_time":1.770978255},
{"learn":[0.6325530813],"iteration":714,"passed_time":4.427916954,"remaining_time":1.764973891},
{"learn":[0.6324879095],"iteration":715,"passed_time":4.434406145,"remaining_time":1.758898527},
{"learn":[0.6323832954],"iteration":716,"passed_time":4.441209208,"remaining_time":1.752945894},
{"learn":[0.6323060896],"iteration":717,"passed_time":4.447528637,"remaining_time":1.746800941},
{"learn":[0.6322198454],"iteration":718,"passed_time":4.453373807,"remaining_time":1.740470153},
{"learn":[0.6321205115],"iteration":719,"passed_time":4.459619574,"remaining_time":1.734296501},
{"learn":[0.6320534185],"iteration":720,"passed_time":4.465950681,"remaining_time":1.728155673},
{"learn":[0.6319956697],"iteration":721,"passed_time":4.471794379,"remaining_time":1.721826644},
{"learn":[0.6318674218],"iteration":722,"passed_time":4.478134342,"remaining_time":1.715689091},
{"learn":[0.6318199955],"iteration":723,"passed_time":4.484755975,"remaining_time":1.709658355},
{"learn":[0.6317967149],"iteration":724,"passed_time":4.491530355,"remaining_time":1.703683928},
{"learn":[0.6316898195],"iteration":725,"passed_time":4.497061914,"remaining_time":1.697238243},
{"learn":[0.6316382168],"iteration":726,"passed_time":4.502514049,"remaining_time":1.690765248},
{"learn":[0.6316049622],"iteration":727,"passed_time":4.50786846,"remaining_time":1.684258546},
{"learn":[0.6315495197],"iteration":728,"passed_time":4.514109116,"remaining_time":1.678084459},
{"learn":[0.6314205517],"iteration":729,"passed_time":4.520059453,"remaining_time":1.671802811},
{"learn":[0.6313302426],"iteration":730,"passed_time":4.525806181,"remaining_time":1.665447144},
{"learn":[0.6312400059],"iteration":731,"passed_time":4.531889763,"remaining_time":1.659216471},
{"learn":[0.6311781712],"iteration":732,"passed_time":4.537460081,"remaining_time":1.652799238},
{"learn":[0.6310955247],"iteration":733,"passed_time":4.543715776,"remaining_time":1.646632692},
{"learn":[0.6310651064],"iteration":734,"passed_time":4.548837505,"remaining_time":1.64005706},
{"learn":[0.6309972495],"iteration":735,"passed_time":4.554565546,"remaining_time":1.633702859},
{"learn":[0.6309258401],"iteration":736,"passed_time":4.560415131,"remaining_time":1.62739373},
{"learn":[0.6308958015],"iteration":737,"passed_time":4.565982432,"remaining_time":1.620985633},
{"learn":[0.6308288566],"iteration":738,"passed_time":4.571609533,"remaining_time":1.614600931},
{"learn":[0.630774084],"iteration":739,"passed_time":4.577447769,"remaining_time":1.608292459},
{"learn":[0.6307285365],"iteration":740,"passed_time":4.582707373,"remaining_time":1.601783009},
{"learn":[0.6306729625],"iteration":741,"passed_time":4.588889016,"remaining_time":1.595597528},
{"learn":[0.6306173352],"iteration":742,"passed_time":4.594474349,"remaining_time":1.589205798},
{"learn":[0.630533884],"iteration":743,"passed_time":4.600028708,"remaining_time":1.582805577},
{"learn":[0.6304414855],"iteration":744,"passed_time":4.605918448,"remaining_time":1.576522422},
{"learn":[0.6303656283],"iteration":745,"passed_time":4.611470532,"remaining_time":1.570125356},
{"learn":[0.6303379412],"iteration":746,"passed_time":4.616802535,"remaining_time":1.563656012},
{"learn":[0.630226049],"iteration":747,"passed_time":4.622881829,"remaining_time":1.557441472},
{"learn":[0.6301935841],"iteration":748,"passed_time":4.628944745,"remaining_time":1.551221804},
{"learn":[0.6301140377],"iteration":749,"passed_time":4.635997764,"remaining_time":1.545332588},
{"learn":[0.6300494781],"iteration":750,"passed_time":4.643677426,"remaining_time":1.539648041},
{"learn":[0.6300087128],"iteration":751,"passed_time":4.649966559,"remaining_time":1.53349961},
{"learn":[0.6299552176],"iteration":752,"passed_time":4.655903885,"remaining_time":1.527235404},
{"learn":[0.6298869969],"iteration":753,"passed_time":4.661722328,"remaining_time":1.520933279},
{"learn":[0.6298288731],"iteration":754,"passed_time":4.667473099,"remaining_time":1.514610476},
{"learn":[0.6297905731],"iteration":755,"passed_time":4.672748225,"remaining_time":1.50813567},
{"learn":[0.6297348235],"iteration":756,"passed_time":4.678282671,"remaining_time":1.501747278},
{"learn":[0.6296835523],"iteration":757,"passed_time":4.684564168,"remaining_time":1.495599642},
{"learn":[0.6295629053],"iteration":758,"passed_time":4.690795075,"remaining_time":1.48943559},
{"learn":[0.629539251],"iteration":759,"passed_time":4.696617073,"remaining_time":1.483142234},
{"learn":[0.6294379568],"iteration":760,"passed_time":4.702062652,"remaining_time":1.476731897},
{"learn":[0.629405374],"iteration":761,"passed_time":4.707667209,"remaining_time":1.470373748},
{"learn":[0.6293623507],"iteration":762,"passed_time":4.71335274,"remaining_time":1.464042725},
{"learn":[0.6292489328],"iteration":763,"passed_time":4.719771534,"remaining_time":1.457939898},
{"learn":[0.629129672],"iteration":764,"passed_time":4.726880094,"remaining_time":1.452048134},
{"learn":[0.6290633108],"iteration":765,"passed_time":4.733731477,"remaining_time":1.446074629},
{"learn":[0.6290218644],"iteration":766,"passed_time":4.740522457,"remaining_time":1.440080486},
{"learn":[0.6289698349],"iteration":767,"passed_time":4.746664173,"remaining_time":1.433888136},
{"learn":[0.6288979949],"iteration":768,"passed_time":4.753450228,"remaining_time":1.42788947},
{"learn":[0.6287852971],"iteration":769,"passed_time":4.760114177,"remaining_time":1.421852287},
{"learn":[0.628703931],"iteration":770,"passed_time":4.766262696,"remaining_time":1.415660386},
{"learn":[0.6286798357],"iteration":771,"passed_time":4.77309702,"remaining_time":1.409671141},
{"learn":[0.6285844477],"iteration":772,"passed_time":4.780401314,"remaining_time":1.403817721},
{"learn":[0.6285206645],"iteration":773,"passed_time":4.787213951,"remaining_time":1.397816993},
{"learn":[0.6284330475],"iteration":774,"passed_time":4.794592543,"remaining_time":1.39197848},
{"learn":[0.6283826486],"iteration":775,"passed_time":4.801751777,"remaining_time":1.386072678},
{"learn":[0.6283311084],"iteration":776,"passed_time":4.807587125,"remaining_time":1.379783692},
{"learn":[0.6282788109],"iteration":777,"passed_time":4.813974216,"remaining_time":1.373653311},
{"learn":[0.6281653227],"iteration":778,"passed_time":4.820193364,"remaining_time":1.367474626},
{"learn":[0.6281295992],"iteration":779,"passed_time":4.826009832,"remaining_time":1.36118226},
{"learn":[0.6280731142],"iteration":780,"passed_time":4.831758038,"remaining_time":1.354871972},
{"learn":[0.6280532345],"iteration":781,"passed_time":4.837881429,"remaining_time":1.348667713},
{"learn":[0.6279513989],"iteration":782,"passed_time":4.844284755,"remaining_time":1.342541241},
{"learn":[0.627812154],"iteration":783,"passed_time":4.850896756,"remaining_time":1.336471555},
{"learn":[0.6277126776],"iteration":784,"passed_time":4.856487828,"remaining_time":1.33012087},
{"learn":[0.6276252028],"iteration":785,"passed_time":4.862369002,"remaining_time":1.323851102},
{"learn":[0.6275635848],"iteration":786,"passed_time":4.868110535,"remaining_time":1.317544528},
{"learn":[0.6274832941],"iteration":787,"passed_time":4.874281696,"remaining_time":1.311354974},
{"learn":[0.6274195063],"iteration":788,"passed_time":4.880492941,"remaining_time":1.305176186},
{"learn":[0.6273740962],"iteration":789,"passed_time":4.885730478,"remaining_time":1.298738481},
{"learn":[0.6273040165],"iteration":790,"passed_time":4.891651138,"remaining_time":1.292484308},
{"learn":[0.6272809982],"iteration":791,"passed_time":4.897128489,"remaining_time":1.286114553},
{"learn":[0.6272381712],"iteration":792,"passed_time":4.902522362,"remaining_time":1.279725257},
{"learn":[0.627148964],"iteration":793,"passed_time":4.908569294,"remaining_time":1.273507902},
{"learn":[0.6271135759],"iteration":794,"passed_time":4.914313499,"remaining_time":1.267212915},
{"learn":[0.627005516],"iteration":795,"passed_time":4.919926072,"remaining_time":1.260885576},
{"learn":[0.6269754402],"iteration":796,"passed_time":4.925427326,"remaining_time":1.254531678},
{"learn":[0.6269037278],"iteration":797,"passed_time":4.93075932,"remaining_time":1.248137071},
{"learn":[0.6268464636],"iteration":798,"passed_time":4.936716105,"remaining_time":1.241902299},
{"learn":[0.6267425675],"iteration":799,"passed_time":4.943837857,"remaining_time":1.235959464},
{"learn":[0.6266667051],"iteration":800,"passed_time":4.950472694,"remaining_time":1.229892717},
{"learn":[0.6265624369],"iteration":801,"passed_time":4.956436039,"remaining_time":1.223658773},
{"learn":[0.6264745545],"iteration":802,"passed_time":4.962248146,"remaining_time":1.217388399},
{"learn":[0.6263788189],"iteration":803,"passed_time":4.967886563,"remaining_time":1.211076824},
{"learn":[0.6263302007],"iteration":804,"passed_time":4.973073309,"remaining_time":1.20465751},
{"learn":[0.6262458382],"iteration":805,"passed_time":4.978443479,"remaining_time":1.198285403},
{"learn":[0.6261528912],"iteration":806,"passed_time":4.984872083,"remaining_time":1.192168912},
{"learn":[0.6260892497],"iteration":807,"passed_time":4.990902233,"remaining_time":1.185956966},
{"learn":[0.6260516997],"iteration":808,"passed_time":4.99673139,"remaining_time":1.179698017},
{"learn":[0.6260210426],"iteration":809,"passed_time":5.002358879,"remaining_time":1.173392823},
{"learn":[0.6259575058],"iteration":810,"passed_time":5.008033411,"remaining_time":1.167100265},
{"learn":[0.6258961753],"iteration":811,"passed_time":5.013693795,"remaining_time":1.160805953},
{"learn":[0.6258537587],"iteration":812,"passed_time":5.018854465,"remaining_time":1.15439826},
{"learn":[0.625815843],"iteration":813,"passed_time":5.024512085,"remaining_time":1.148107184},
{"learn":[0.6257649347],"iteration":814,"passed_time":5.030544179,"remaining_time":1.141902666},
{"learn":[0.6256325968],"iteration":815,"passed_time":5.036456954,"remaining_time":1.135671666},
{"learn":[0.6255612774],"iteration":816,"passed_time":5.042257296,"remaining_time":1.129416261},
{"learn":[0.625509323],"iteration":817,"passed_time":5.048257517,"remaining_time":1.12320644},
{"learn":[0.6254854713],"iteration":818,"passed_time":5.053681062,"remaining_time":1.116869685},
{"learn":[0.6254171469],"iteration":819,"passed_time":5.059655077,"remaining_time":1.110655992},
{"learn":[0.6253123129],"iteration":820,"passed_time":5.065423542,"remaining_time":1.104398068},
{"learn":[0.6252404595],"iteration":821,"passed_time":5.071428211,"remaining_time":1.098192484},
{"learn":[0.6251929133],"iteration":822,"passed_time":5.077314944,"remaining_time":1.091962023},
{"learn":[0.6251584559],"iteration":823,"passed_time":5.083137999,"remaining_time":1.085718796},
{"learn":[0.6251416884],"iteration":824,"passed_time":5.089271021,"remaining_time":1.079542338},
{"learn":[0.6250948111],"iteration":825,"passed_time":5.096624355,"remaining_time":1.073623048},
{"learn":[0.6250216095],"iteration":826,"passed_time":5.104197826,"remaining_time":1.067746341},
{"learn":[0.6248923268],"iteration":827,"passed_time":5.111223298,"remaining_time":1.0617517},
{"learn":[0.624876352],"iteration":828,"passed_time":5.117770003,"remaining_time":1.055655815},
{"learn":[0.6248553923],"iteration":829,"passed_time":5.124157411,"remaining_time":1.049526217},
{"learn":[0.6247329868],"iteration":830,"passed_time":5.130552651,"remaining_time":1.043397591},
{"learn":[0.6247086995],"iteration":831,"passed_time":5.136144393,"remaining_time":1.037106079},
{"learn":[0.6246111682],"iteration":832,"passed_time":5.142687265,"remaining_time":1.031006931},
{"learn":[0.6245794104],"iteration":833,"passed_time":5.148781935,"remaining_time":1.024817507},
{"learn":[0.6244759572],"iteration":834,"passed_time":5.155311221,"remaining_time":1.018714193},
{"learn":[0.6244640163],"iteration":835,"passed_time":5.161519663,"remaining_time":1.01254692},
{"learn":[0.6244420503],"iteration":836,"passed_time":5.167847596,"remaining_time":1.006402817},
{"learn":[0.6244017147],"iteration":837,"passed_time":5.174220961,"remaining_time":1.000267059},
{"learn":[0.624325576],"iteration":838,"passed_time":5.180583773,"remaining_time":0.9941287097},
{"learn":[0.6242292269],"iteration":839,"passed_time":5.186607714,"remaining_time":0.9879252789},
{"learn":[0.6241640731],"iteration":840,"passed_time":5.192029948,"remaining_time":0.9816085157},
{"learn":[0.6241397699],"iteration":841,"passed_time":5.197421554,"remaining_time":0.9752881301},
{"learn":[0.6240188974],"iteration":842,"passed_time":5.203051704,"remaining_time":0.9690143743},
{"learn":[0.6239115622],"iteration":843,"passed_time":5.209671136,"remaining_time":0.9629249968},
{"learn":[0.6238607146],"iteration":844,"passed_time":5.21585434,"remaining_time":0.9567543465},
{"learn":[0.6237470691],"iteration":845,"passed_time":5.221975135,"remaining_time":0.9505723058},
{"learn":[0.623654794],"iteration":846,"passed_time":5.228065972,"remaining_time":0.9443849985},
{"learn":[0.6235988197],"iteration":847,"passed_time":5.234080773,"remaining_time":0.9381842895},
{"learn":[0.6235320498],"iteration":848,"passed_time":5.239585687,"remaining_time":0.9318933319},
{"learn":[0.6234645092],"iteration":849,"passed_time":5.245034735,"remaining_time":0.9255943651},
{"learn":[0.6234038878],"iteration":850,"passed_time":5.25031596,"remaining_time":0.9192680118},
{"learn":[0.6233167634],"iteration":851,"passed_time":5.256083786,"remaining_time":0.9130286389},
{"learn":[0.6232794083],"iteration":852,"passed_time":5.263260078,"remaining_time":0.9070330966},
{"learn":[0.6232079634],"iteration":853,"passed_time":5.271082759,"remaining_time":0.901145296},
{"learn":[0.6231808397],"iteration":854,"passed_time":5.277069184,"remaining_time":0.8949415574},
{"learn":[0.6230512208],"iteration":855,"passed_time":5.283757098,"remaining_time":0.8888563342},
{"learn":[0.6230015884],"iteration":856,"passed_time":5.290211361,"remaining_time":0.8827307171},
{"learn":[0.6229551776],"iteration":857,"passed_time":5.295888442,"remaining_time":0.8764757096},
{"learn":[0.6228543532],"iteration":858,"passed_time":5.301690544,"remaining_time":0.870242569},
{"learn":[0.6227405401],"iteration":859,"passed_time":5.307539475,"remaining_time":0.864018054},
{"learn":[0.622682467],"iteration":860,"passed_time":5.313262554,"remaining_time":0.8577740941},
{"learn":[0.6226377395],"iteration":861,"passed_time":5.318569843,"remaining_time":0.8514647776},
{"learn":[0.6226048831],"iteration":862,"passed_time":5.324545179,"remaining_time":0.845263835},
{"learn":[0.6225538084],"iteration":863,"passed_time":5.330214711,"remaining_time":0.8390152785},
{"learn":[0.6225282532],"iteration":864,"passed_time":5.335620856,"remaining_time":0.8327269545},
{"learn":[0.62246821],"iteration":865,"passed_time":5.341514506,"remaining_time":0.8265161013},
{"learn":[0.622413342],"iteration":866,"passed_time":5.347045161,"remaining_time":0.8202502958},
{"learn":[0.622386636],"iteration":867,"passed_time":5.352388176,"remaining_time":0.8139576489},
{"learn":[0.6222915282],"iteration":868,"passed_time":5.358420251,"remaining_time":0.8077710621},
{"learn":[0.6222316777],"iteration":869,"passed_time":5.365093236,"remaining_time":0.8016805984},
{"learn":[0.6221688349],"iteration":870,"passed_time":5.371075881,"remaining_time":0.7954865542},
{"learn":[0.6221438817],"iteration":871,"passed_time":5.376464489,"remaining_time":0.7892057966},
{"learn":[0.6220452281],"iteration":872,"passed_time":5.382600512,"remaining_time":0.7830358133},
{"learn":[0.6220153497],"iteration":873,"passed_time":5.388091851,"remaining_time":0.776772967},
{"learn":[0.6219238045],"iteration":874,"passed_time":5.393137018,"remaining_time":0.7704481454},
{"learn":[0.6218081832],"iteration":875,"passed_time":5.399012513,"remaining_time":0.7642437804},
{"learn":[0.6217433968],"iteration":876,"passed_time":5.404757424,"remaining_time":0.7580218508},
{"learn":[0.6216605604],"iteration":877,"passed_time":5.410230093,"remaining_time":0.7517631792},
{"learn":[0.6216058343],"iteration":878,"passed_time":5.4173509,"remaining_time":0.7457331728},
{"learn":[0.6215224755],"iteration":879,"passed_time":5.42415588,"remaining_time":0.73965762},
{"learn":[0.621467823],"iteration":880,"passed_time":5.429628221,"remaining_time":0.7334004067},
{"learn":[0.6214052611],"iteration":881,"passed_time":5.435254471,"remaining_time":0.7271655641},
{"learn":[0.621383494],"iteration":882,"passed_time":5.440384715,"remaining_time":0.7208663779},
{"learn":[0.6213442545],"iteration":883,"passed_time":5.446089974,"remaining_time":0.7146452907},
{"learn":[0.6212619698],"iteration":884,"passed_time":5.451753472,"remaining_time":0.7084199427},
{"learn":[0.6212169113],"iteration":885,"passed_time":5.457488213,"remaining_time":0.7022050296},
{"learn":[0.6211327304],"iteration":886,"passed_time":5.463168091,"remaining_time":0.69598421},
{"learn":[0.6210867878],"iteration":887,"passed_time":5.468292515,"remaining_time":0.6896945515},
{"learn":[0.6210119066],"iteration":888,"passed_time":5.474082275,"remaining_time":0.6834905877},
{"learn":[0.6209673243],"iteration":889,"passed_time":5.479761598,"remaining_time":0.6772739054},
{"learn":[0.6209273967],"iteration":890,"passed_time":5.485341579,"remaining_time":0.6710462763},
{"learn":[0.620844228],"iteration":891,"passed_time":5.491095161,"remaining_time":0.6648411181},
{"learn":[0.6208192772],"iteration":892,"passed_time":5.497247955,"remaining_time":0.6586848053},
{"learn":[0.6207836448],"iteration":893,"passed_time":5.502753571,"remaining_time":0.6524517656},
{"learn":[0.6207447059],"iteration":894,"passed_time":5.508411459,"remaining_time":0.6462382159},
{"learn":[0.6207110768],"iteration":895,"passed_time":5.514115617,"remaining_time":0.640031277},
{"learn":[0.6206363777],"iteration":896,"passed_time":5.519764307,"remaining_time":0.6338190898},
{"learn":[0.6205955296],"iteration":897,"passed_time":5.525303691,"remaining_time":0.6275957422},
{"learn":[0.6205656403],"iteration":898,"passed_time":5.531011028,"remaining_time":0.6213927852},
{"learn":[0.620529564],"iteration":899,"passed_time":5.536340924,"remaining_time":0.6151489916},
{"learn":[0.6204660405],"iteration":900,"passed_time":5.542099806,"remaining_time":0.6089543627},
{"learn":[0.6203954479],"iteration":901,"passed_time":5.54776683,"remaining_time":0.6027507199},
{"learn":[0.6203130613],"iteration":902,"passed_time":5.553365042,"remaining_time":0.5965408739},
{"learn":[0.6202267527],"iteration":903,"passed_time":5.559063983,"remaining_time":0.5903430778},
{"learn":[0.6201416085],"iteration":904,"passed_time":5.566070227,"remaining_time":0.584283615},
{"learn":[0.6200942013],"iteration":905,"passed_time":5.573692815,"remaining_time":0.5782860095},
{"learn":[0.6200092594],"iteration":906,"passed_time":5.580072877,"remaining_time":0.5721574174},
{"learn":[0.6199221426],"iteration":907,"passed_time":5.585622686,"remaining_time":0.5659441488},
{"learn":[0.6198482896],"iteration":908,"passed_time":5.591059376,"remaining_time":0.5597210157},
{"learn":[0.6197907419],"iteration":909,"passed_time":5.597009455,"remaining_time":0.5535503857},
{"learn":[0.6197735544],"iteration":910,"passed_time":5.602895108,"remaining_time":0.5473739458},
{"learn":[0.6196905963],"iteration":911,"passed_time":5.608452507,"remaining_time":0.54116647},
{"learn":[0.6196715215],"iteration":912,"passed_time":5.613835364,"remaining_time":0.534943786},
{"learn":[0.6196165557],"iteration":913,"passed_time":5.619559166,"remaining_time":0.52875502},
{"learn":[0.6195221923],"iteration":914,"passed_time":5.626269271,"remaining_time":0.522658894},
{"learn":[0.6194343967],"iteration":915,"passed_time":5.631402938,"remaining_time":0.5164168634},
{"learn":[0.6194030128],"iteration":916,"passed_time":5.636985238,"remaining_time":0.5102178569},
{"learn":[0.6193242939],"iteration":917,"passed_time":5.64326289,"remaining_time":0.504082306},
{"learn":[0.6192264955],"iteration":918,"passed_time":5.648948159,"remaining_time":0.4978942338},
{"learn":[0.6191744214],"iteration":919,"passed_time":5.654564639,"remaining_time":0.4917012729},
{"learn":[0.6190861623],"iteration":920,"passed_time":5.660352452,"remaining_time":0.4855242603},
{"learn":[0.6190200883],"iteration":921,"passed_time":5.666288087,"remaining_time":0.4793605973},
{"learn":[0.618971287],"iteration":922,"passed_time":5.671875263,"remaining_time":0.4731683589},
{"learn":[0.6188654652],"iteration":923,"passed_time":5.677802231,"remaining_time":0.4670053783},
{"learn":[0.6188381692],"iteration":924,"passed_time":5.68354368,"remaining_time":0.4608278659},
{"learn":[0.6187834665],"iteration":925,"passed_time":5.689499776,"remaining_time":0.4546684486},
{"learn":[0.6186775171],"iteration":926,"passed_time":5.695486178,"remaining_time":0.4485118565},
{"learn":[0.6185965019],"iteration":927,"passed_time":5.701491175,"remaining_time":0.442357074},
{"learn":[0.6185224098],"iteration":928,"passed_time":5.706877193,"remaining_time":0.4361553075},
{"learn":[0.6184954238],"iteration":929,"passed_time":5.712496497,"remaining_time":0.4299728546},
{"learn":[0.6184519536],"iteration":930,"passed_time":5.719072657,"remaining_time":0.4238625277},
{"learn":[0.6184073134],"iteration":931,"passed_time":5.726588586,"remaining_time":0.4178197681},
{"learn":[0.6183116427],"iteration":932,"passed_time":5.733386712,"remaining_time":0.4117223041},
{"learn":[0.6181790131],"iteration":933,"passed_time":5.739463874,"remaining_time":0.4055723937},
{"learn":[0.6180962541],"iteration":934,"passed_time":5.745989234,"remaining_time":0.399453797},
{"learn":[0.6180063087],"iteration":935,"passed_time":5.752548177,"remaining_time":0.3933366275},
{"learn":[0.6179506608],"iteration":936,"passed_time":5.759214705,"remaining_time":0.3872257486},
{"learn":[0.6178878198],"iteration":937,"passed_time":5.765471811,"remaining_time":0.3810866229},
{"learn":[0.6178518755],"iteration":938,"passed_time":5.77179629,"remaining_time":0.3749516227},
{"learn":[0.6178262534],"iteration":939,"passed_time":5.778653743,"remaining_time":0.3688502389},
{"learn":[0.6177390235],"iteration":940,"passed_time":5.78522845,"remaining_time":0.3627295202},
{"learn":[0.6176777204],"iteration":941,"passed_time":5.791673266,"remaining_time":0.3565998402},
{"learn":[0.617577386],"iteration":942,"passed_time":5.799353164,"remaining_time":0.3505441467},
{"learn":[0.6175205604],"iteration":943,"passed_time":5.805796221,"remaining_time":0.3444116402},
{"learn":[0.6174866633],"iteration":944,"passed_time":5.812437932,"remaining_time":0.3382900384},
{"learn":[0.6174104806],"iteration":945,"passed_time":5.819085743,"remaining_time":0.3321676851},
{"learn":[0.6173607384],"iteration":946,"passed_time":5.825719812,"remaining_time":0.326043453},
{"learn":[0.6172543021],"iteration":947,"passed_time":5.832781754,"remaining_time":0.3199416152},
{"learn":[0.6171580721],"iteration":948,"passed_time":5.840180205,"remaining_time":0.3138558382},
{"learn":[0.6171020537],"iteration":949,"passed_time":5.846521155,"remaining_time":0.3077116398},
{"learn":[0.6170473807],"iteration":950,"passed_time":5.853030887,"remaining_time":0.301575724},
{"learn":[0.6170232552],"iteration":951,"passed_time":5.858854551,"remaining_time":0.2954044311},
{"learn":[0.6169422669],"iteration":952,"passed_time":5.86514114,"remaining_time":0.2892566984},
{"learn":[0.6168601538],"iteration":953,"passed_time":5.872218072,"remaining_time":0.2831467834},
{"learn":[0.6167858663],"iteration":954,"passed_time":5.879145589,"remaining_time":0.2770278026},
{"learn":[0.6167428657],"iteration":955,"passed_time":5.884597196,"remaining_time":0.2708392015},
{"learn":[0.6166912674],"iteration":956,"passed_time":5.890296656,"remaining_time":0.2646632771},
{"learn":[0.6165917967],"iteration":957,"passed_time":5.896984463,"remaining_time":0.2585316779},
{"learn":[0.616537857],"iteration":958,"passed_time":5.903394652,"remaining_time":0.2523870498},
{"learn":[0.6165240883],"iteration":959,"passed_time":5.909494152,"remaining_time":0.246228923},
{"learn":[0.6164344795],"iteration":960,"passed_time":5.915819516,"remaining_time":0.2400800844},
{"learn":[0.6163746367],"iteration":961,"passed_time":5.922341448,"remaining_time":0.2339386435},
{"learn":[0.616264917],"iteration":962,"passed_time":5.928682619,"remaining_time":0.2277894672},
{"learn":[0.6162233849],"iteration":963,"passed_time":5.93519069,"remaining_time":0.2216461254},
{"learn":[0.6161349221],"iteration":964,"passed_time":5.942180519,"remaining_time":0.2155195007},
{"learn":[0.6160481039],"iteration":965,"passed_time":5.948735984,"remaining_time":0.2093758007},
{"learn":[0.6159696871],"iteration":966,"passed_time":5.955191917,"remaining_time":0.2032278524},
{"learn":[0.6159380841],"iteration":967,"passed_time":5.961452043,"remaining_time":0.1970727948},
{"learn":[0.6158419092],"iteration":968,"passed_time":5.968048627,"remaining_time":0.1909282842},
{"learn":[0.6158277211],"iteration":969,"passed_time":5.974304874,"remaining_time":0.1847723157},
{"learn":[0.6158130963],"iteration":970,"passed_time":5.980601814,"remaining_time":0.1786173559},
{"learn":[0.6157462581],"iteration":971,"passed_time":5.986712759,"remaining_time":0.1724567461},
{"learn":[0.6157252764],"iteration":972,"passed_time":5.993003763,"remaining_time":0.1663012349},
{"learn":[0.6156187477],"iteration":973,"passed_time":6.000520052,"remaining_time":0.1601781533},
{"learn":[0.6155552341],"iteration":974,"passed_time":6.00656938,"remaining_time":0.1540145995},
{"learn":[0.6154846035],"iteration":975,"passed_time":6.014407967,"remaining_time":0.1478952779},
{"learn":[0.6154402675],"iteration":976,"passed_time":6.021135404,"remaining_time":0.1417462787},
{"learn":[0.6154119839],"iteration":977,"passed_time":6.028052601,"remaining_time":0.1356003652},
{"learn":[0.6153579492],"iteration":978,"passed_time":6.033674975,"remaining_time":0.1294251016},
{"learn":[0.6152811112],"iteration":979,"passed_time":6.040063598,"remaining_time":0.123266604},
{"learn":[0.6152233887],"iteration":980,"passed_time":6.046284559,"remaining_time":0.11710439},
{"learn":[0.6150930073],"iteration":981,"passed_time":6.052811178,"remaining_time":0.1109476591},
{"learn":[0.6150625509],"iteration":982,"passed_time":6.059305661,"remaining_time":0.1047896198},
{"learn":[0.614996059],"iteration":983,"passed_time":6.065607589,"remaining_time":0.09862776568},
{"learn":[0.6149114267],"iteration":984,"passed_time":6.07190493,"remaining_time":0.09246555731},
{"learn":[0.6148619191],"iteration":985,"passed_time":6.077976108,"remaining_time":0.0862998636},
{"learn":[0.6148282505],"iteration":986,"passed_time":6.084557116,"remaining_time":0.0801410765},
{"learn":[0.6147207783],"iteration":987,"passed_time":6.091175627,"remaining_time":0.07398189021},
{"learn":[0.6146448387],"iteration":988,"passed_time":6.097511853,"remaining_time":0.06781863537},
{"learn":[0.6145408283],"iteration":989,"passed_time":6.104069966,"remaining_time":0.06165727238},
{"learn":[0.6144885943],"iteration":990,"passed_time":6.110297137,"remaining_time":0.05549210316},
{"learn":[0.6144184388],"iteration":991,"passed_time":6.116951661,"remaining_time":0.04933025533},
{"learn":[0.6143959861],"iteration":992,"passed_time":6.122612198,"remaining_time":0.04316040824},
{"learn":[0.6143498774],"iteration":993,"passed_time":6.127975748,"remaining_time":0.03698979325},
{"learn":[0.6143300338],"iteration":994,"passed_time":6.13376703,"remaining_time":0.0308229499},
{"learn":[0.6142527563],"iteration":995,"passed_time":6.139731966,"remaining_time":0.0246575581},
{"learn":[0.6142235782],"iteration":996,"passed_time":6.145349896,"remaining_time":0.01849152426},
{"learn":[0.6141448434],"iteration":997,"passed_time":6.150934386,"remaining_time":0.01232652181},
{"learn":[0.6140805227],"iteration":998,"passed_time":6.156354655,"remaining_time":0.006162517172},
{"learn":[0.6140368678],"iteration":999,"passed_time":6.162138844,"remaining_time":0}
]}